repository_name,release_id,tag_name_clean,cycle_end,cycle_start,cycle_length_days
kubernetes/kubernetes,36351013,1.17.17,2021-01-13 18:49:29+00:00,,
kubernetes/kubernetes,36351486,1.18.15,2021-01-13 18:58:44+00:00,2021-01-13 18:49:29+00:00,0.006423611111111111
kubernetes/kubernetes,36351831,1.19.7,2021-01-13 19:06:48+00:00,2021-01-13 18:58:44+00:00,0.005601851851851852
kubernetes/kubernetes,36352135,1.20.2,2021-01-13 19:14:04+00:00,2021-01-13 19:06:48+00:00,0.005046296296296296
kubernetes/kubernetes,38191304,1.18.16,2021-02-17 20:30:54+00:00,2021-01-13 19:14:04+00:00,35.05335648148148
kubernetes/kubernetes,38191357,1.19.8,2021-02-17 20:31:54+00:00,2021-02-17 20:30:54+00:00,0.0006944444444444445
kubernetes/kubernetes,38191467,1.20.3,2021-02-17 20:34:07+00:00,2021-02-17 20:31:54+00:00,0.0015393518518518519
kubernetes/kubernetes,38251599,1.20.4,2021-02-18 19:40:10+00:00,2021-02-17 20:34:07+00:00,0.9625347222222222
kubernetes/kubernetes,40026670,1.18.17,2021-03-18 19:22:57+00:00,2021-02-18 19:40:10+00:00,27.988043981481482
kubernetes/kubernetes,40026943,1.19.9,2021-03-18 19:28:36+00:00,2021-03-18 19:22:57+00:00,0.003923611111111111
kubernetes/kubernetes,40027219,1.20.5,2021-03-18 19:34:09+00:00,2021-03-18 19:28:36+00:00,0.0038541666666666668
kubernetes/kubernetes,41140171,1.21.0,2021-04-08 17:56:09+00:00,2021-03-18 19:34:09+00:00,20.931944444444444
kubernetes/kubernetes,41456484,1.20.6,2021-04-15 05:08:46+00:00,2021-04-08 17:56:09+00:00,6.467094907407407
kubernetes/kubernetes,41456496,1.19.10,2021-04-15 05:09:35+00:00,2021-04-15 05:08:46+00:00,0.0005671296296296297
kubernetes/kubernetes,41457093,1.18.18,2021-04-15 05:32:45+00:00,2021-04-15 05:09:35+00:00,0.016087962962962964
kubernetes/kubernetes,42867664,1.18.19,2021-05-12 20:21:37+00:00,2021-04-15 05:32:45+00:00,27.617268518518518
kubernetes/kubernetes,42868108,1.19.11,2021-05-12 20:30:34+00:00,2021-05-12 20:21:37+00:00,0.006215277777777778
kubernetes/kubernetes,42868402,1.20.7,2021-05-12 20:37:17+00:00,2021-05-12 20:30:34+00:00,0.004664351851851852
kubernetes/kubernetes,42868425,1.21.1,2021-05-12 20:37:54+00:00,2021-05-12 20:37:17+00:00,0.00042824074074074075
kubernetes/kubernetes,44743553,1.18.20,2021-06-16 17:18:36+00:00,2021-05-12 20:37:54+00:00,34.86159722222222
kubernetes/kubernetes,44821176,1.19.12,2021-06-17 18:36:32+00:00,2021-06-16 17:18:36+00:00,1.0541203703703703
kubernetes/kubernetes,44821813,1.20.8,2021-06-17 18:46:05+00:00,2021-06-17 18:36:32+00:00,0.006631944444444445
kubernetes/kubernetes,44822353,1.21.2,2021-06-17 18:56:28+00:00,2021-06-17 18:46:05+00:00,0.007210648148148148
kubernetes/kubernetes,46289135,1.19.13,2021-07-15 23:11:22+00:00,2021-06-17 18:56:28+00:00,28.17701388888889
kubernetes/kubernetes,46289180,1.20.9,2021-07-15 23:13:01+00:00,2021-07-15 23:11:22+00:00,0.0011458333333333333
kubernetes/kubernetes,46289230,1.21.3,2021-07-15 23:14:28+00:00,2021-07-15 23:13:01+00:00,0.0010069444444444444
kubernetes/kubernetes,47318163,1.22.0,2021-08-04 19:38:56+00:00,2021-07-15 23:14:28+00:00,19.850324074074074
kubernetes/kubernetes,47708237,1.19.14,2021-08-11 22:38:00+00:00,2021-08-04 19:38:56+00:00,7.124351851851852
kubernetes/kubernetes,47708400,1.20.10,2021-08-11 22:43:30+00:00,2021-08-11 22:38:00+00:00,0.0038194444444444443
kubernetes/kubernetes,47708498,1.21.4,2021-08-11 22:46:26+00:00,2021-08-11 22:43:30+00:00,0.002037037037037037
kubernetes/kubernetes,48132309,1.22.1,2021-08-19 17:43:38+00:00,2021-08-11 22:46:26+00:00,7.789722222222222
kubernetes/kubernetes,49630995,1.19.15,2021-09-15 20:45:09+00:00,2021-08-19 17:43:38+00:00,27.12605324074074
kubernetes/kubernetes,49632055,1.20.11,2021-09-15 21:05:15+00:00,2021-09-15 20:45:09+00:00,0.013958333333333333
kubernetes/kubernetes,49636436,1.21.5,2021-09-15 22:47:05+00:00,2021-09-15 21:05:15+00:00,0.0707175925925926
kubernetes/kubernetes,49638691,1.22.2,2021-09-15 23:39:41+00:00,2021-09-15 22:47:05+00:00,0.03652777777777778
kubernetes/kubernetes,52193134,1.19.16,2021-10-28 01:25:36+00:00,2021-09-15 23:39:41+00:00,42.07355324074074
kubernetes/kubernetes,52193186,1.20.12,2021-10-28 01:27:24+00:00,2021-10-28 01:25:36+00:00,0.00125
kubernetes/kubernetes,52193237,1.21.6,2021-10-28 01:28:28+00:00,2021-10-28 01:27:24+00:00,0.0007407407407407407
kubernetes/kubernetes,52193302,1.22.3,2021-10-28 01:30:23+00:00,2021-10-28 01:28:28+00:00,0.0013310185185185185
kubernetes/kubernetes,53592811,1.20.13,2021-11-17 21:33:37+00:00,2021-10-28 01:30:23+00:00,20.835578703703703
kubernetes/kubernetes,53593301,1.21.7,2021-11-17 21:41:49+00:00,2021-11-17 21:33:37+00:00,0.005694444444444445
kubernetes/kubernetes,53593506,1.22.4,2021-11-17 21:45:37+00:00,2021-11-17 21:41:49+00:00,0.002638888888888889
kubernetes/kubernetes,54824547,1.23.0,2021-12-07 20:47:51+00:00,2021-11-17 21:45:37+00:00,19.95988425925926
kubernetes/kubernetes,55392164,1.21.8,2021-12-15 18:39:10+00:00,2021-12-07 20:47:51+00:00,7.910636574074074
kubernetes/kubernetes,55393544,1.20.14,2021-12-15 18:57:59+00:00,2021-12-15 18:39:10+00:00,0.01306712962962963
kubernetes/kubernetes,55465785,1.22.5,2021-12-16 15:47:23+00:00,2021-12-15 18:57:59+00:00,0.8676388888888888
kubernetes/kubernetes,55467689,1.23.1,2021-12-16 16:07:55+00:00,2021-12-16 15:47:23+00:00,0.01425925925925926
kubernetes/kubernetes,57503634,1.20.15,2022-01-19 21:05:58+00:00,2021-12-16 16:07:55+00:00,34.20697916666666
kubernetes/kubernetes,57503779,1.21.9,2022-01-19 21:07:55+00:00,2022-01-19 21:05:58+00:00,0.0013541666666666667
kubernetes/kubernetes,57504045,1.23.2,2022-01-19 21:11:06+00:00,2022-01-19 21:07:55+00:00,0.002210648148148148
kubernetes/kubernetes,57516071,1.22.6,2022-01-19 23:57:58+00:00,2022-01-19 21:11:06+00:00,0.11587962962962962
kubernetes/kubernetes,57972287,1.23.3,2022-01-26 00:05:03+00:00,2022-01-19 23:57:58+00:00,6.004918981481482
kubernetes/kubernetes,59818995,1.21.10,2022-02-17 16:07:50+00:00,2022-01-26 00:05:03+00:00,22.668599537037036
kubernetes/kubernetes,59820624,1.22.7,2022-02-17 16:17:28+00:00,2022-02-17 16:07:50+00:00,0.006689814814814815
kubernetes/kubernetes,59821299,1.23.4,2022-02-17 16:24:31+00:00,2022-02-17 16:17:28+00:00,0.004895833333333334
kubernetes/kubernetes,62049233,1.21.11,2022-03-16 22:28:05+00:00,2022-02-17 16:24:31+00:00,27.252476851851853
kubernetes/kubernetes,62049706,1.22.8,2022-03-16 22:38:27+00:00,2022-03-16 22:28:05+00:00,0.007199074074074074
kubernetes/kubernetes,62050650,1.23.5,2022-03-16 22:48:49+00:00,2022-03-16 22:38:27+00:00,0.007199074074074074
kubernetes/kubernetes,64863991,1.21.12,2022-04-20 16:03:04+00:00,2022-03-16 22:48:49+00:00,34.71822916666667
kubernetes/kubernetes,64869495,1.22.9,2022-04-20 17:09:29+00:00,2022-04-20 16:03:04+00:00,0.04612268518518518
kubernetes/kubernetes,64881287,1.23.6,2022-04-20 19:17:02+00:00,2022-04-20 17:09:29+00:00,0.08857638888888889
kubernetes/kubernetes,65962790,1.24.0,2022-05-03 20:43:53+00:00,2022-04-20 19:17:02+00:00,13.0603125
kubernetes/kubernetes,67749918,1.21.13,2022-05-25 00:32:18+00:00,2022-05-03 20:43:53+00:00,21.158622685185186
kubernetes/kubernetes,67833798,1.22.10,2022-05-25 19:07:13+00:00,2022-05-25 00:32:18+00:00,0.7742476851851852
kubernetes/kubernetes,67872434,1.23.7,2022-05-25 21:48:57+00:00,2022-05-25 19:07:13+00:00,0.11231481481481481
kubernetes/kubernetes,67885314,1.24.1,2022-05-26 03:31:07+00:00,2022-05-25 21:48:57+00:00,0.23761574074074074
kubernetes/kubernetes,69652729,1.22.11,2022-06-16 19:43:53+00:00,2022-05-26 03:31:07+00:00,21.675532407407406
kubernetes/kubernetes,69661314,1.23.8,2022-06-16 20:21:05+00:00,2022-06-16 19:43:53+00:00,0.025833333333333333
kubernetes/kubernetes,69680319,1.21.14,2022-06-17 03:39:25+00:00,2022-06-16 20:21:05+00:00,0.30439814814814814
kubernetes/kubernetes,69680447,1.24.2,2022-06-17 03:43:42+00:00,2022-06-17 03:39:25+00:00,0.0029745370370370373
kubernetes/kubernetes,71926822,1.23.9,2022-07-13 17:43:08+00:00,2022-06-17 03:43:42+00:00,26.582939814814814
kubernetes/kubernetes,71933950,1.22.12,2022-07-13 19:13:58+00:00,2022-07-13 17:43:08+00:00,0.0630787037037037
kubernetes/kubernetes,71937344,1.24.3,2022-07-13 19:58:07+00:00,2022-07-13 19:13:58+00:00,0.030659722222222224
kubernetes/kubernetes,74666225,1.22.13,2022-08-17 21:19:19+00:00,2022-07-13 19:58:07+00:00,35.05638888888889
kubernetes/kubernetes,74669757,1.23.10,2022-08-17 22:20:32+00:00,2022-08-17 21:19:19+00:00,0.04251157407407408
kubernetes/kubernetes,74671731,1.24.4,2022-08-17 23:07:59+00:00,2022-08-17 22:20:32+00:00,0.03295138888888889
kubernetes/kubernetes,75156399,1.25.0,2022-08-23 21:27:47+00:00,2022-08-17 23:07:59+00:00,5.930416666666667
kubernetes/kubernetes,77194312,1.24.5,2022-09-14 20:44:58+00:00,2022-08-23 21:27:47+00:00,21.970266203703705
kubernetes/kubernetes,77213823,1.23.11,2022-09-15 00:31:43+00:00,2022-09-14 20:44:58+00:00,0.15746527777777777
kubernetes/kubernetes,77303540,1.25.1,2022-09-15 14:42:21+00:00,2022-09-15 00:31:43+00:00,0.5907175925925926
kubernetes/kubernetes,77303985,1.22.14,2022-09-15 14:46:10+00:00,2022-09-15 14:42:21+00:00,0.002650462962962963
kubernetes/kubernetes,77795569,1.24.6,2022-09-21 16:50:49+00:00,2022-09-15 14:46:10+00:00,6.0865625
kubernetes/kubernetes,77802321,1.23.12,2022-09-21 18:09:54+00:00,2022-09-21 16:50:49+00:00,0.05491898148148148
kubernetes/kubernetes,77807233,1.22.15,2022-09-21 19:04:05+00:00,2022-09-21 18:09:54+00:00,0.037627314814814815
kubernetes/kubernetes,77813556,1.25.2,2022-09-21 20:18:10+00:00,2022-09-21 19:04:05+00:00,0.05144675925925926
kubernetes/kubernetes,79809601,1.25.3,2022-10-13 17:16:00+00:00,2022-09-21 20:18:10+00:00,21.87349537037037
kubernetes/kubernetes,79809812,1.23.13,2022-10-13 17:18:22+00:00,2022-10-13 17:16:00+00:00,0.0016435185185185185
kubernetes/kubernetes,79809886,1.24.7,2022-10-13 17:19:17+00:00,2022-10-13 17:18:22+00:00,0.0006365740740740741
kubernetes/kubernetes,82710116,1.25.4,2022-11-10 17:02:29+00:00,2022-10-13 17:19:17+00:00,27.988333333333333
kubernetes/kubernetes,82714136,1.24.8,2022-11-10 17:40:53+00:00,2022-11-10 17:02:29+00:00,0.02666666666666667
kubernetes/kubernetes,82714305,1.22.16,2022-11-10 17:42:36+00:00,2022-11-10 17:40:53+00:00,0.0011921296296296296
kubernetes/kubernetes,82714385,1.23.14,2022-11-10 17:43:29+00:00,2022-11-10 17:42:36+00:00,0.0006134259259259259
kubernetes/kubernetes,85466097,1.25.5,2022-12-08 17:40:24+00:00,2022-11-10 17:43:29+00:00,27.997858796296295
kubernetes/kubernetes,85470423,1.24.9,2022-12-08 18:14:25+00:00,2022-12-08 17:40:24+00:00,0.023622685185185184
kubernetes/kubernetes,85475750,1.23.15,2022-12-08 19:10:18+00:00,2022-12-08 18:14:25+00:00,0.03880787037037037
kubernetes/kubernetes,85487731,1.22.17,2022-12-08 21:24:13+00:00,2022-12-08 19:10:18+00:00,0.09299768518518518
kubernetes/kubernetes,85515657,1.26.0,2022-12-09 04:00:59+00:00,2022-12-08 21:24:13+00:00,0.2755324074074074
kubernetes/kubernetes,89461411,1.26.1,2023-01-18 21:14:47+00:00,2022-12-09 04:00:59+00:00,40.71791666666667
kubernetes/kubernetes,89465459,1.23.16,2023-01-18 21:50:14+00:00,2023-01-18 21:14:47+00:00,0.024618055555555556
kubernetes/kubernetes,89478326,1.25.6,2023-01-19 00:59:55+00:00,2023-01-18 21:50:14+00:00,0.13172453703703704
kubernetes/kubernetes,89577865,1.24.10,2023-01-19 17:16:48+00:00,2023-01-19 00:59:55+00:00,0.6783912037037036
kubernetes/kubernetes,93991288,1.24.11,2023-02-28 20:34:33+00:00,2023-01-19 17:16:48+00:00,40.13732638888889
kubernetes/kubernetes,94000681,1.23.17,2023-02-28 21:20:44+00:00,2023-02-28 20:34:33+00:00,0.03207175925925926
kubernetes/kubernetes,94006526,1.25.7,2023-02-28 22:05:52+00:00,2023-02-28 21:20:44+00:00,0.031342592592592596
kubernetes/kubernetes,94012442,1.26.2,2023-02-28 23:09:55+00:00,2023-02-28 22:05:52+00:00,0.04447916666666667
kubernetes/kubernetes,96018281,1.24.12,2023-03-17 17:23:16+00:00,2023-02-28 23:09:55+00:00,16.759270833333332
kubernetes/kubernetes,96021741,1.25.8,2023-03-17 18:00:45+00:00,2023-03-17 17:23:16+00:00,0.026030092592592594
kubernetes/kubernetes,96029525,1.26.3,2023-03-17 19:20:24+00:00,2023-03-17 18:00:45+00:00,0.0553125
kubernetes/kubernetes,98968195,1.27.0,2023-04-11 19:27:46+00:00,2023-03-17 19:20:24+00:00,25.00511574074074
kubernetes/kubernetes,99183057,1.26.4,2023-04-12 17:55:54+00:00,2023-04-11 19:27:46+00:00,0.9362037037037036
kubernetes/kubernetes,99187893,1.25.9,2023-04-12 18:38:00+00:00,2023-04-12 17:55:54+00:00,0.029236111111111112
kubernetes/kubernetes,99192787,1.24.13,2023-04-12 19:20:27+00:00,2023-04-12 18:38:00+00:00,0.029479166666666667
kubernetes/kubernetes,99571135,1.27.1,2023-04-14 16:21:18+00:00,2023-04-12 19:20:27+00:00,1.8755902777777778
kubernetes/kubernetes,103386457,1.26.5,2023-05-17 21:55:19+00:00,2023-04-14 16:21:18+00:00,33.23195601851852
kubernetes/kubernetes,103386495,1.27.2,2023-05-17 21:55:39+00:00,2023-05-17 21:55:19+00:00,0.0002314814814814815
kubernetes/kubernetes,103393064,1.24.14,2023-05-17 23:53:16+00:00,2023-05-17 21:55:39+00:00,0.08167824074074075
kubernetes/kubernetes,103395497,1.25.10,2023-05-18 00:47:41+00:00,2023-05-17 23:53:16+00:00,0.03778935185185185
kubernetes/kubernetes,108620995,1.24.15,2023-06-14 18:12:24+00:00,2023-05-18 00:47:41+00:00,27.725497685185186
kubernetes/kubernetes,108627351,1.25.11,2023-06-14 19:06:18+00:00,2023-06-14 18:12:24+00:00,0.03743055555555556
kubernetes/kubernetes,108637771,1.26.6,2023-06-14 20:31:05+00:00,2023-06-14 19:06:18+00:00,0.05887731481481481
kubernetes/kubernetes,108644552,1.27.3,2023-06-14 21:36:39+00:00,2023-06-14 20:31:05+00:00,0.04553240740740741
kubernetes/kubernetes,112862724,1.27.4,2023-07-19 19:02:18+00:00,2023-06-14 21:36:39+00:00,34.8928125
kubernetes/kubernetes,112870721,1.26.7,2023-07-19 19:54:38+00:00,2023-07-19 19:02:18+00:00,0.03634259259259259
kubernetes/kubernetes,112875833,1.25.12,2023-07-19 20:39:27+00:00,2023-07-19 19:54:38+00:00,0.031122685185185184
kubernetes/kubernetes,112879656,1.24.16,2023-07-19 21:20:11+00:00,2023-07-19 20:39:27+00:00,0.028287037037037038
kubernetes/kubernetes,117338250,1.28.0,2023-08-15 17:00:03+00:00,2023-07-19 21:20:11+00:00,26.819351851851852
kubernetes/kubernetes,118493643,1.24.17,2023-08-24 04:04:54+00:00,2023-08-15 17:00:03+00:00,8.461701388888889
kubernetes/kubernetes,118493759,1.25.13,2023-08-24 04:07:13+00:00,2023-08-24 04:04:54+00:00,0.0016087962962962963
kubernetes/kubernetes,118498412,1.26.8,2023-08-24 05:35:47+00:00,2023-08-24 04:07:13+00:00,0.06150462962962963
kubernetes/kubernetes,118524649,1.27.5,2023-08-24 09:28:07+00:00,2023-08-24 05:35:47+00:00,0.1613425925925926
kubernetes/kubernetes,118562913,1.28.1,2023-08-24 13:58:23+00:00,2023-08-24 09:28:07+00:00,0.18768518518518518
kubernetes/kubernetes,121009496,1.28.2,2023-09-13 18:06:30+00:00,2023-08-24 13:58:23+00:00,20.172303240740742
kubernetes/kubernetes,121011208,1.27.6,2023-09-13 18:20:37+00:00,2023-09-13 18:06:30+00:00,0.00980324074074074
kubernetes/kubernetes,121027792,1.26.9,2023-09-13 20:17:17+00:00,2023-09-13 18:20:37+00:00,0.08101851851851852
kubernetes/kubernetes,121033600,1.25.14,2023-09-13 21:03:07+00:00,2023-09-13 20:17:17+00:00,0.031828703703703706
kubernetes/kubernetes,125627999,1.28.3,2023-10-18 14:36:22+00:00,2023-09-13 21:03:07+00:00,34.73142361111111
kubernetes/kubernetes,125636180,1.27.7,2023-10-18 15:16:00+00:00,2023-10-18 14:36:22+00:00,0.027523148148148147
kubernetes/kubernetes,125643604,1.26.10,2023-10-18 15:47:07+00:00,2023-10-18 15:16:00+00:00,0.021608796296296296
kubernetes/kubernetes,125649052,1.25.15,2023-10-18 16:20:06+00:00,2023-10-18 15:47:07+00:00,0.02290509259259259
kubernetes/kubernetes,129613920,1.28.4,2023-11-15 19:43:03+00:00,2023-10-18 16:20:06+00:00,28.1409375
kubernetes/kubernetes,129616500,1.27.8,2023-11-15 20:05:57+00:00,2023-11-15 19:43:03+00:00,0.015902777777777776
kubernetes/kubernetes,129622209,1.26.11,2023-11-15 20:43:58+00:00,2023-11-15 20:05:57+00:00,0.026400462962962962
kubernetes/kubernetes,129714744,1.25.16,2023-11-16 11:30:38+00:00,2023-11-15 20:43:58+00:00,0.6157407407407407
kubernetes/kubernetes,133777858,1.29.0,2023-12-13 16:34:20+00:00,2023-11-16 11:30:38+00:00,27.21090277777778
kubernetes/kubernetes,134607215,1.27.9,2023-12-20 11:14:33+00:00,2023-12-13 16:34:20+00:00,6.77792824074074
kubernetes/kubernetes,134624427,1.28.5,2023-12-20 13:23:37+00:00,2023-12-20 11:14:33+00:00,0.08962962962962963
kubernetes/kubernetes,134624945,1.26.12,2023-12-20 13:27:00+00:00,2023-12-20 13:23:37+00:00,0.002349537037037037
kubernetes/kubernetes,137446153,1.29.1,2024-01-17 19:37:29+00:00,2023-12-20 13:27:00+00:00,28.25728009259259
kubernetes/kubernetes,137446434,1.27.10,2024-01-17 19:40:02+00:00,2024-01-17 19:37:29+00:00,0.0017708333333333332
kubernetes/kubernetes,137446444,1.28.6,2024-01-17 19:40:09+00:00,2024-01-17 19:40:02+00:00,8.101851851851852e-05
kubernetes/kubernetes,137446709,1.26.13,2024-01-17 19:42:17+00:00,2024-01-17 19:40:09+00:00,0.0014814814814814814
kubernetes/kubernetes,142006393,1.28.7,2024-02-14 15:49:40+00:00,2024-01-17 19:42:17+00:00,27.83846064814815
kubernetes/kubernetes,142007294,1.27.11,2024-02-14 15:51:57+00:00,2024-02-14 15:49:40+00:00,0.001585648148148148
kubernetes/kubernetes,142009935,1.26.14,2024-02-14 16:07:53+00:00,2024-02-14 15:51:57+00:00,0.011064814814814816
kubernetes/kubernetes,142028094,1.29.2,2024-02-14 18:01:57+00:00,2024-02-14 16:07:53+00:00,0.07921296296296296
kubernetes/kubernetes,146625039,1.26.15,2024-03-14 16:24:57+00:00,2024-02-14 18:01:57+00:00,28.93263888888889
kubernetes/kubernetes,146834793,1.28.8,2024-03-15 18:53:33+00:00,2024-03-14 16:24:57+00:00,1.1031944444444444
kubernetes/kubernetes,146839948,1.27.12,2024-03-15 19:26:37+00:00,2024-03-15 18:53:33+00:00,0.022962962962962963
kubernetes/kubernetes,146845361,1.29.3,2024-03-15 20:15:39+00:00,2024-03-15 19:26:37+00:00,0.03405092592592593
kubernetes/kubernetes,151435050,1.27.13,2024-04-16 19:33:16+00:00,2024-03-15 20:15:39+00:00,31.97056712962963
kubernetes/kubernetes,151445084,1.28.9,2024-04-16 20:44:54+00:00,2024-04-16 19:33:16+00:00,0.04974537037037037
kubernetes/kubernetes,151451712,1.29.4,2024-04-16 21:41:11+00:00,2024-04-16 20:44:54+00:00,0.03908564814814815
kubernetes/kubernetes,151633234,1.30.0,2024-04-17 20:45:16+00:00,2024-04-16 21:41:11+00:00,0.9611689814814814
kubernetes/kubernetes,155777868,1.28.10,2024-05-14 21:56:56+00:00,2024-04-17 20:45:16+00:00,27.04976851851852
kubernetes/kubernetes,155813961,1.29.5,2024-05-15 06:41:30+00:00,2024-05-14 21:56:56+00:00,0.3642824074074074
kubernetes/kubernetes,155816403,1.30.1,2024-05-15 07:02:59+00:00,2024-05-15 06:41:30+00:00,0.014918981481481481
kubernetes/kubernetes,155824760,1.27.14,2024-05-15 08:02:18+00:00,2024-05-15 07:02:59+00:00,0.04119212962962963
kubernetes/kubernetes,159979764,1.27.15,2024-06-11 23:01:10+00:00,2024-05-15 08:02:18+00:00,27.624212962962964
kubernetes/kubernetes,159982712,1.28.11,2024-06-11 23:48:05+00:00,2024-06-11 23:01:10+00:00,0.032581018518518516
kubernetes/kubernetes,160002003,1.29.6,2024-06-12 03:42:42+00:00,2024-06-11 23:48:05+00:00,0.16292824074074075
kubernetes/kubernetes,160003381,1.30.2,2024-06-12 04:05:34+00:00,2024-06-12 03:42:42+00:00,0.01587962962962963
kubernetes/kubernetes,165784293,1.29.7,2024-07-17 07:26:10+00:00,2024-06-12 04:05:34+00:00,35.13930555555555
kubernetes/kubernetes,165788281,1.27.16,2024-07-17 07:48:27+00:00,2024-07-17 07:26:10+00:00,0.015474537037037037
kubernetes/kubernetes,165818269,1.28.12,2024-07-17 10:52:04+00:00,2024-07-17 07:48:27+00:00,0.12751157407407407
kubernetes/kubernetes,165829199,1.30.3,2024-07-17 11:51:07+00:00,2024-07-17 10:52:04+00:00,0.04100694444444444
kubernetes/kubernetes,169974073,1.31.0,2024-08-13 13:47:21+00:00,2024-07-17 11:51:07+00:00,27.080717592592592
kubernetes/kubernetes,170265603,1.30.4,2024-08-14 22:10:55+00:00,2024-08-13 13:47:21+00:00,1.349699074074074
kubernetes/kubernetes,170275415,1.29.8,2024-08-15 01:15:29+00:00,2024-08-14 22:10:55+00:00,0.12817129629629628
kubernetes/kubernetes,170278324,1.28.13,2024-08-15 02:04:06+00:00,2024-08-15 01:15:29+00:00,0.033761574074074076
kubernetes/kubernetes,174563931,1.28.14,2024-09-11 13:56:41+00:00,2024-08-15 02:04:06+00:00,27.494849537037037
kubernetes/kubernetes,174658124,1.29.9,2024-09-12 00:21:51+00:00,2024-09-11 13:56:41+00:00,0.4341435185185185
kubernetes/kubernetes,174660375,1.31.1,2024-09-12 01:03:04+00:00,2024-09-12 00:21:51+00:00,0.028622685185185185
kubernetes/kubernetes,174668094,1.30.5,2024-09-12 02:55:16+00:00,2024-09-12 01:03:04+00:00,0.07791666666666666
kubernetes/kubernetes,181359779,1.28.15,2024-10-23 04:35:01+00:00,2024-09-12 02:55:16+00:00,41.069270833333334
kubernetes/kubernetes,181359964,1.29.10,2024-10-23 04:37:33+00:00,2024-10-23 04:35:01+00:00,0.0017592592592592592
kubernetes/kubernetes,181360153,1.30.6,2024-10-23 04:40:16+00:00,2024-10-23 04:37:33+00:00,0.0018865740740740742
kubernetes/kubernetes,181442196,1.31.2,2024-10-23 12:18:35+00:00,2024-10-23 04:40:16+00:00,0.31827546296296294
kubernetes/kubernetes,186527464,1.29.11,2024-11-20 23:36:18+00:00,2024-10-23 12:18:35+00:00,28.470636574074074
kubernetes/kubernetes,186532670,1.30.7,2024-11-21 00:46:53+00:00,2024-11-20 23:36:18+00:00,0.0490162037037037
kubernetes/kubernetes,186534409,1.31.3,2024-11-21 01:12:52+00:00,2024-11-21 00:46:53+00:00,0.01804398148148148
kubernetes/kubernetes,190042097,1.29.12,2024-12-10 19:34:30+00:00,2024-11-21 01:12:52+00:00,19.76502314814815
kubernetes/kubernetes,190042332,1.30.8,2024-12-10 19:35:54+00:00,2024-12-10 19:34:30+00:00,0.0009722222222222222
kubernetes/kubernetes,190045272,1.31.4,2024-12-10 19:52:59+00:00,2024-12-10 19:35:54+00:00,0.011863425925925927
kubernetes/kubernetes,190303378,1.32.0,2024-12-11 21:13:11+00:00,2024-12-10 19:52:59+00:00,1.0556944444444445
kubernetes/kubernetes,194998161,1.32.1,2025-01-15 20:37:27+00:00,2024-12-11 21:13:11+00:00,34.97518518518518
kubernetes/kubernetes,195004244,1.31.5,2025-01-15 21:11:47+00:00,2025-01-15 20:37:27+00:00,0.023842592592592592
kubernetes/kubernetes,195009621,1.30.9,2025-01-15 21:49:02+00:00,2025-01-15 21:11:47+00:00,0.025868055555555554
kubernetes/kubernetes,195009966,1.29.13,2025-01-15 21:51:33+00:00,2025-01-15 21:49:02+00:00,0.0017476851851851852
kubernetes/kubernetes,200050412,1.30.10,2025-02-13 08:26:30+00:00,2025-01-15 21:51:33+00:00,28.4409375
kubernetes/kubernetes,200050943,1.29.14,2025-02-13 08:29:21+00:00,2025-02-13 08:26:30+00:00,0.001979166666666667
kubernetes/kubernetes,200050980,1.31.6,2025-02-13 08:29:33+00:00,2025-02-13 08:29:21+00:00,0.0001388888888888889
kubernetes/kubernetes,200066707,1.32.2,2025-02-13 09:39:03+00:00,2025-02-13 08:29:33+00:00,0.04826388888888889
kubernetes/kubernetes,205164533,1.29.15,2025-03-12 00:36:03+00:00,2025-02-13 09:39:03+00:00,26.622916666666665
kubernetes/kubernetes,205171531,1.30.11,2025-03-12 01:38:36+00:00,2025-03-12 00:36:03+00:00,0.0434375
kubernetes/kubernetes,205178168,1.31.7,2025-03-12 02:56:26+00:00,2025-03-12 01:38:36+00:00,0.054050925925925926
kubernetes/kubernetes,205181589,1.32.3,2025-03-12 03:32:51+00:00,2025-03-12 02:56:26+00:00,0.02528935185185185
kubernetes/kubernetes,214087468,1.32.4,2025-04-23 02:21:09+00:00,2025-03-12 03:32:51+00:00,41.950208333333336
kubernetes/kubernetes,214087582,1.31.8,2025-04-23 02:22:41+00:00,2025-04-23 02:21:09+00:00,0.0010648148148148149
kubernetes/kubernetes,214087590,1.30.12,2025-04-23 02:22:47+00:00,2025-04-23 02:22:41+00:00,6.944444444444444e-05
kubernetes/kubernetes,214300334,1.33.0,2025-04-23 17:44:49+00:00,2025-04-23 02:22:47+00:00,0.6403009259259259
kubernetes/kubernetes,218918759,1.33.1,2025-05-15 17:49:01+00:00,2025-04-23 17:44:49+00:00,22.002916666666668
kubernetes/kubernetes,218919244,1.32.5,2025-05-15 17:51:43+00:00,2025-05-15 17:49:01+00:00,0.001875
kubernetes/kubernetes,218919439,1.31.9,2025-05-15 17:52:40+00:00,2025-05-15 17:51:43+00:00,0.0006597222222222222
kubernetes/kubernetes,218920135,1.30.13,2025-05-15 17:56:34+00:00,2025-05-15 17:52:40+00:00,0.0027083333333333334
kubernetes/kubernetes,226247533,1.33.2,2025-06-18 17:54:54+00:00,2025-05-15 17:56:34+00:00,33.998842592592595
kubernetes/kubernetes,226251309,1.32.6,2025-06-18 18:11:56+00:00,2025-06-18 17:54:54+00:00,0.011828703703703704
kubernetes/kubernetes,226256128,1.31.10,2025-06-18 18:36:16+00:00,2025-06-18 18:11:56+00:00,0.016898148148148148
kubernetes/kubernetes,226260786,1.30.14,2025-06-18 18:59:13+00:00,2025-06-18 18:36:16+00:00,0.0159375
kubernetes/kubernetes,232684167,1.32.7,2025-07-15 22:18:27+00:00,2025-06-18 18:59:13+00:00,27.13835648148148
kubernetes/kubernetes,232684297,1.33.3,2025-07-15 22:19:31+00:00,2025-07-15 22:18:27+00:00,0.0007407407407407407
kubernetes/kubernetes,232691011,1.31.11,2025-07-15 23:11:27+00:00,2025-07-15 22:19:31+00:00,0.03606481481481481
kubernetes/kubernetes,239793305,1.32.8,2025-08-13 19:45:14+00:00,2025-07-15 23:11:27+00:00,28.85679398148148
kubernetes/kubernetes,239793520,1.33.4,2025-08-13 19:46:26+00:00,2025-08-13 19:45:14+00:00,0.0008333333333333334
kubernetes/kubernetes,239794276,1.31.12,2025-08-13 19:50:00+00:00,2025-08-13 19:46:26+00:00,0.002476851851851852
kubernetes/kubernetes,242938306,1.34.0,2025-08-27 17:19:17+00:00,2025-08-13 19:50:00+00:00,13.895335648148148
kubernetes/kubernetes,246021679,1.32.9,2025-09-10 00:19:23+00:00,2025-08-27 17:19:17+00:00,13.291736111111112
kubernetes/kubernetes,246030338,1.33.5,2025-09-10 01:38:50+00:00,2025-09-10 00:19:23+00:00,0.05517361111111111
kubernetes/kubernetes,246044335,1.34.1,2025-09-10 03:28:09+00:00,2025-09-10 01:38:50+00:00,0.07591435185185186
kubernetes/kubernetes,246050093,1.31.13,2025-09-10 04:03:49+00:00,2025-09-10 03:28:09+00:00,0.02476851851851852
kubernetes/kubernetes,261684284,1.34.2,2025-11-12 09:26:08+00:00,2025-09-10 04:03:49+00:00,63.22383101851852
kubernetes/kubernetes,261690420,1.33.6,2025-11-12 09:48:48+00:00,2025-11-12 09:26:08+00:00,0.01574074074074074
kubernetes/kubernetes,261719477,1.31.14,2025-11-12 11:33:24+00:00,2025-11-12 09:48:48+00:00,0.07263888888888889
kubernetes/kubernetes,261726406,1.32.10,2025-11-12 12:01:02+00:00,2025-11-12 11:33:24+00:00,0.019189814814814816
kubernetes/kubernetes,268945625,1.34.3,2025-12-10 01:13:53+00:00,2025-11-12 12:01:02+00:00,27.55059027777778
kubernetes/kubernetes,268945810,1.33.7,2025-12-10 01:15:27+00:00,2025-12-10 01:13:53+00:00,0.0010879629629629629
kubernetes/kubernetes,270894952,1.32.11,2025-12-16 21:28:50+00:00,2025-12-10 01:15:27+00:00,6.8426273148148145
kubernetes/kubernetes,271217654,1.35.0,2025-12-17 20:01:55+00:00,2025-12-16 21:28:50+00:00,0.9396412037037037
kubernetes/kubernetes,284969517,1.35.1,2026-02-10 19:03:38+00:00,2025-12-17 20:01:55+00:00,54.959525462962965
kubernetes/kubernetes,284969888,1.34.4,2026-02-10 19:04:56+00:00,2026-02-10 19:03:38+00:00,0.0009027777777777777
kubernetes/kubernetes,284970046,1.33.8,2026-02-10 19:05:31+00:00,2026-02-10 19:04:56+00:00,0.0004050925925925926
kubernetes/kubernetes,284970301,1.32.12,2026-02-10 19:06:23+00:00,2026-02-10 19:05:31+00:00,0.0006018518518518519
kubernetes/kubernetes,291155487,1.34.5,2026-02-26 23:56:38+00:00,2026-02-10 19:06:23+00:00,16.2015625
kubernetes/kubernetes,291155910,1.33.9,2026-02-26 23:57:29+00:00,2026-02-26 23:56:38+00:00,0.0005902777777777778
kubernetes/kubernetes,291156076,1.32.13,2026-02-26 23:58:24+00:00,2026-02-26 23:57:29+00:00,0.0006365740740740741
kubernetes/kubernetes,291157965,1.35.2,2026-02-27 00:09:07+00:00,2026-02-26 23:58:24+00:00,0.007442129629629629
kubernetes/kubernetes,298764997,1.33.10,2026-03-19 03:18:00+00:00,2026-02-27 00:09:07+00:00,20.13116898148148
kubernetes/kubernetes,298765256,1.34.6,2026-03-19 03:19:46+00:00,2026-03-19 03:18:00+00:00,0.0012268518518518518
kubernetes/kubernetes,298765484,1.35.3,2026-03-19 03:20:52+00:00,2026-03-19 03:19:46+00:00,0.0007638888888888889
kubernetes/kubernetes,309580337,1.35.4,2026-04-15 21:54:01+00:00,2026-03-19 03:20:52+00:00,27.773020833333334
kubernetes/kubernetes,309580521,1.34.7,2026-04-15 21:54:39+00:00,2026-04-15 21:54:01+00:00,0.0004398148148148148
kubernetes/kubernetes,309580713,1.33.11,2026-04-15 21:55:24+00:00,2026-04-15 21:54:39+00:00,0.0005208333333333333
kubernetes/kubernetes,312368266,1.36.0,2026-04-22 17:57:14+00:00,2026-04-15 21:55:24+00:00,6.834606481481481
kubernetes/kubernetes,321191052,1.33.12,2026-05-12 14:09:45+00:00,2026-04-22 17:57:14+00:00,19.84202546296296
kubernetes/kubernetes,321243963,1.34.8,2026-05-12 15:35:14+00:00,2026-05-12 14:09:45+00:00,0.059363425925925924
kubernetes/kubernetes,321245106,1.35.5,2026-05-12 15:37:25+00:00,2026-05-12 15:35:14+00:00,0.0015162037037037036
kubernetes/kubernetes,321280531,1.36.1,2026-05-12 16:39:25+00:00,2026-05-12 15:37:25+00:00,0.043055555555555555
kubernetes/kubernetes,338534286,1.33.13,2026-06-12 11:30:10+00:00,2026-05-12 16:39:25+00:00,30.785243055555554
kubernetes/kubernetes,338534516,1.34.9,2026-06-12 11:30:42+00:00,2026-06-12 11:30:10+00:00,0.00037037037037037035
kubernetes/kubernetes,338535372,1.35.6,2026-06-12 11:32:40+00:00,2026-06-12 11:30:42+00:00,0.0013657407407407407
kubernetes/kubernetes,338536321,1.36.2,2026-06-12 11:34:56+00:00,2026-06-12 11:32:40+00:00,0.001574074074074074
