repository_name,release_id,cycle_length_days,is_prerelease,release_sequence,commit_count,pr_count,pct_merged,avg_time_to_merge_hours,median_time_to_merge_hours,distinct_contributors,first_time_contributor_count,first_time_contributor_share,top_contributor_share,open_issues_at_release,open_bugs_at_release,release_date,bugs_in_window,elevated_risk,risk_threshold_used,window_complete,prior_releases_avg_bugs,prior_releases_count
kubernetes/kubernetes,36351013,,False,1,0.0,0.0,,,,0.0,0.0,,,2072,818,2021-01-13 18:49:29+00:00,148.0,1.0,112.25,True,,0
kubernetes/kubernetes,36351486,0.0064236111111111,False,2,0.0,0.0,,,,0.0,0.0,,,2073,819,2021-01-13 18:58:44+00:00,147.0,1.0,112.25,True,,0
kubernetes/kubernetes,36351831,0.0056018518518518,False,3,0.0,0.0,,,,0.0,0.0,,,2073,819,2021-01-13 19:06:48+00:00,147.0,1.0,112.25,True,,0
kubernetes/kubernetes,36352135,0.0050462962962962,False,4,0.0,0.0,,,,0.0,0.0,,,2073,819,2021-01-13 19:14:04+00:00,147.0,1.0,112.25,True,,0
kubernetes/kubernetes,38191304,35.05335648148148,False,8,643.0,806.0,0.6761786600496278,433.1250514780836,138.2736111111111,188.0,114.0,0.6063829787234043,0.0326594090202177,2051,808,2021-02-17 20:30:54+00:00,170.0,1.0,112.25,True,147.2,5
kubernetes/kubernetes,38191357,0.0006944444444444,False,9,0.0,0.0,,,,0.0,0.0,,,2051,808,2021-02-17 20:31:54+00:00,170.0,1.0,112.25,True,147.2,5
kubernetes/kubernetes,38191467,0.0015393518518518,False,10,0.0,0.0,,,,0.0,0.0,,,2051,808,2021-02-17 20:34:07+00:00,170.0,1.0,112.25,True,147.2,5
kubernetes/kubernetes,38251599,0.9625347222222222,False,11,29.0,37.0,0.7837837837837838,335.8632183908046,293.3513888888889,22.0,7.0,0.3181818181818182,0.1034482758620689,2051,808,2021-02-18 19:40:10+00:00,167.0,1.0,112.25,True,147.2,5
kubernetes/kubernetes,40026670,27.98804398148148,False,14,782.0,852.0,0.676056338028169,631.487801408179,137.39138888888888,210.0,92.0,0.4380952380952381,0.0549872122762148,2043,816,2021-03-18 19:22:57+00:00,120.0,1.0,112.25,True,147.85714285714286,7
kubernetes/kubernetes,40026943,0.0039236111111111,False,15,0.0,0.0,,,,0.0,0.0,,,2043,816,2021-03-18 19:28:36+00:00,120.0,1.0,112.25,True,147.85714285714286,7
kubernetes/kubernetes,40027219,0.0038541666666666,False,16,0.0,0.0,,,,0.0,0.0,,,2043,816,2021-03-18 19:34:09+00:00,120.0,1.0,112.25,True,147.85714285714286,7
kubernetes/kubernetes,41140171,20.931944444444444,False,18,217.0,389.0,0.5501285347043702,687.7780815160955,238.20902777777778,109.0,31.0,0.2844036697247706,0.0552995391705069,2024,824,2021-04-08 17:56:09+00:00,143.0,1.0,112.25,True,154.15384615384616,13
kubernetes/kubernetes,41456484,6.467094907407407,False,19,105.0,161.0,0.6024844720496895,563.9239690721648,203.3975,62.0,13.0,0.2096774193548387,0.0952380952380952,1993,804,2021-04-15 05:08:46+00:00,154.0,1.0,112.25,True,154.15384615384616,13
kubernetes/kubernetes,41456496,0.0005671296296296,False,20,0.0,0.0,,,,0.0,0.0,,,1993,804,2021-04-15 05:09:35+00:00,154.0,1.0,112.25,True,154.15384615384616,13
kubernetes/kubernetes,41457093,0.0160879629629629,False,21,0.0,0.0,,,,0.0,0.0,,,1993,804,2021-04-15 05:32:45+00:00,154.0,1.0,112.25,True,154.15384615384616,13
kubernetes/kubernetes,42867664,27.61726851851852,False,23,384.0,594.0,0.6666666666666666,580.6520209034793,157.52375,180.0,62.0,0.3444444444444444,0.0338541666666666,1992,817,2021-05-12 20:21:37+00:00,146.0,1.0,112.25,True,146.38888888888889,18
kubernetes/kubernetes,42868108,0.0062152777777777,False,24,0.0,0.0,,,,0.0,0.0,,,1991,816,2021-05-12 20:30:34+00:00,146.0,1.0,112.25,True,146.38888888888889,18
kubernetes/kubernetes,42868402,0.0046643518518518,False,25,0.0,0.0,,,,0.0,0.0,,,1991,816,2021-05-12 20:37:17+00:00,146.0,1.0,112.25,True,146.38888888888889,18
kubernetes/kubernetes,42868425,0.0004282407407407,False,26,0.0,0.0,,,,0.0,0.0,,,1991,816,2021-05-12 20:37:54+00:00,146.0,1.0,112.25,True,146.38888888888889,18
kubernetes/kubernetes,44743553,34.86159722222222,False,29,509.0,663.0,0.669683257918552,495.31941191191186,103.67902777777778,173.0,52.0,0.3005780346820809,0.0451866404715127,2012,842,2021-06-16 17:18:36+00:00,120.0,1.0,112.25,True,147.0,26
kubernetes/kubernetes,44821176,1.0541203703703703,False,30,20.0,25.0,0.52,577.8611538461539,33.09777777777778,18.0,5.0,0.2777777777777778,0.1,2006,842,2021-06-17 18:36:32+00:00,121.0,1.0,112.25,True,147.0,26
kubernetes/kubernetes,44821813,0.0066319444444444,False,31,0.0,0.0,,,,0.0,0.0,,,2006,842,2021-06-17 18:46:05+00:00,121.0,1.0,112.25,True,147.0,26
kubernetes/kubernetes,44822353,0.0072106481481481,False,32,1.0,0.0,,,,1.0,0.0,0.0,1.0,2007,843,2021-06-17 18:56:28+00:00,120.0,1.0,112.25,True,147.0,26
kubernetes/kubernetes,46289135,28.17701388888889,False,36,498.0,539.0,0.640074211502783,644.3409959742352,129.5,165.0,48.0,0.2909090909090909,0.110441767068273,1845,782,2021-07-15 23:11:22+00:00,112.0,0.0,112.25,True,147.03571428571428,28
kubernetes/kubernetes,46289180,0.0011458333333333,False,37,1.0,0.0,,,,1.0,0.0,0.0,1.0,1845,782,2021-07-15 23:13:01+00:00,112.0,0.0,112.25,True,147.03571428571428,28
kubernetes/kubernetes,46289230,0.0010069444444444,False,38,1.0,0.0,,,,1.0,0.0,0.0,1.0,1845,782,2021-07-15 23:14:28+00:00,112.0,0.0,112.25,True,147.03571428571428,28
kubernetes/kubernetes,47318163,19.850324074074077,False,40,179.0,282.0,0.624113475177305,454.6968781565657,230.6184722222222,100.0,24.0,0.24,0.0893854748603352,1858,790,2021-08-04 19:38:56+00:00,122.0,1.0,112.25,True,143.03030303030303,33
kubernetes/kubernetes,47708237,7.124351851851852,False,41,98.0,127.0,0.7401574803149606,517.9933983451537,59.18888888888889,55.0,6.0,0.109090909090909,0.1326530612244898,1849,793,2021-08-11 22:38:00+00:00,109.0,0.0,112.25,True,141.76470588235293,34
kubernetes/kubernetes,47708400,0.0038194444444444,False,42,1.0,0.0,,,,1.0,0.0,0.0,1.0,1849,793,2021-08-11 22:43:30+00:00,109.0,0.0,112.25,True,141.76470588235293,34
kubernetes/kubernetes,47708498,0.002037037037037,False,43,1.0,0.0,,,,1.0,0.0,0.0,1.0,1849,793,2021-08-11 22:46:26+00:00,109.0,0.0,112.25,True,141.76470588235293,34
kubernetes/kubernetes,48132309,7.789722222222222,False,45,82.0,97.0,0.6288659793814433,495.156179417122,96.00138888888888,43.0,4.0,0.0930232558139534,0.1097560975609756,1842,795,2021-08-19 17:43:38+00:00,112.0,0.0,112.25,True,138.76315789473685,38
kubernetes/kubernetes,49630995,27.12605324074074,False,47,336.0,406.0,0.687192118226601,721.063169056153,200.49333333333334,127.0,33.0,0.2598425196850393,0.1041666666666666,1846,800,2021-09-15 20:45:09+00:00,117.0,1.0,112.25,True,135.65116279069767,43
kubernetes/kubernetes,49632055,0.0139583333333333,False,48,2.0,1.0,1.0,4.311388888888889,4.311388888888889,2.0,0.0,0.0,0.5,1847,801,2021-09-15 21:05:15+00:00,116.0,1.0,112.25,True,135.65116279069767,43
kubernetes/kubernetes,49636436,0.0707175925925926,False,49,5.0,4.0,1.0,386.8746527777778,27.59375,3.0,0.0,0.0,0.6,1847,801,2021-09-15 22:47:05+00:00,116.0,1.0,112.25,True,135.65116279069767,43
kubernetes/kubernetes,49638691,0.0365277777777777,False,50,1.0,0.0,,,,1.0,0.0,0.0,1.0,1848,801,2021-09-15 23:39:41+00:00,116.0,1.0,112.25,True,135.65116279069767,43
kubernetes/kubernetes,52193134,42.07355324074074,False,52,509.0,594.0,0.6734006734006734,502.1123604166667,166.1348611111111,162.0,42.0,0.2592592592592592,0.0510805500982318,1843,801,2021-10-28 01:25:36+00:00,120.0,1.0,112.25,True,132.82,50
kubernetes/kubernetes,52193186,0.00125,False,53,1.0,0.0,,,,1.0,0.0,0.0,1.0,1843,801,2021-10-28 01:27:24+00:00,120.0,1.0,112.25,True,132.82,50
kubernetes/kubernetes,52193237,0.0007407407407407,False,54,1.0,0.0,,,,1.0,0.0,0.0,1.0,1843,801,2021-10-28 01:28:28+00:00,120.0,1.0,112.25,True,132.82,50
kubernetes/kubernetes,52193302,0.0013310185185185,False,55,1.0,0.0,,,,1.0,0.0,0.0,1.0,1843,801,2021-10-28 01:30:23+00:00,120.0,1.0,112.25,True,132.82,50
kubernetes/kubernetes,53592811,20.835578703703703,False,57,390.0,382.0,0.7617801047120419,755.7352462772051,117.07194444444444,146.0,39.0,0.2671232876712329,0.0717948717948717,1812,776,2021-11-17 21:33:37+00:00,117.0,1.0,112.25,True,132.4313725490196,51
kubernetes/kubernetes,53593301,0.0056944444444444,False,59,3.0,0.0,,,,2.0,0.0,0.0,0.6666666666666666,1812,776,2021-11-17 21:41:49+00:00,117.0,1.0,112.25,True,132.4313725490196,51
kubernetes/kubernetes,53593506,0.0026388888888888,False,60,1.0,0.0,,,,1.0,0.0,0.0,1.0,1811,776,2021-11-17 21:45:37+00:00,117.0,1.0,112.25,True,132.4313725490196,51
kubernetes/kubernetes,54824547,19.95988425925926,False,63,159.0,215.0,0.6651162790697674,635.8376748251749,323.0469444444444,66.0,10.0,0.1515151515151515,0.0817610062893081,1794,769,2021-12-07 20:47:51+00:00,105.0,0.0,112.25,True,131.32142857142858,56
kubernetes/kubernetes,55392164,7.910636574074074,False,65,97.0,141.0,0.6879432624113475,427.27575315005726,82.52444444444444,57.0,8.0,0.1403508771929824,0.0515463917525773,1794,775,2021-12-15 18:39:10+00:00,100.0,0.0,112.25,True,131.32142857142858,56
kubernetes/kubernetes,55393544,0.0130671296296296,False,66,0.0,0.0,,,,0.0,0.0,,,1794,775,2021-12-15 18:57:59+00:00,100.0,0.0,112.25,True,131.32142857142858,56
kubernetes/kubernetes,55465785,0.8676388888888888,False,67,12.0,13.0,0.6923076923076923,405.82703703703703,462.18,10.0,1.0,0.1,0.1666666666666666,1795,775,2021-12-16 15:47:23+00:00,100.0,0.0,112.25,True,131.32142857142858,56
kubernetes/kubernetes,55467689,0.0142592592592592,False,68,1.0,0.0,,,,1.0,0.0,0.0,1.0,1795,775,2021-12-16 16:07:55+00:00,100.0,0.0,112.25,True,131.32142857142858,56
kubernetes/kubernetes,57503634,34.20697916666666,False,69,283.0,363.0,0.6887052341597796,634.1685511111111,127.99013888888888,120.0,38.0,0.3166666666666666,0.0530035335689045,1805,779,2022-01-19 21:05:58+00:00,97.0,0.0,112.25,True,126.97058823529412,68
kubernetes/kubernetes,57503779,0.0013541666666666,False,70,0.0,0.0,,,,0.0,0.0,,,1805,779,2022-01-19 21:07:55+00:00,97.0,0.0,112.25,True,126.97058823529412,68
kubernetes/kubernetes,57504045,0.0022106481481481,False,71,0.0,0.0,,,,0.0,0.0,,,1805,779,2022-01-19 21:11:06+00:00,97.0,0.0,112.25,True,126.97058823529412,68
kubernetes/kubernetes,57516071,0.1158796296296296,False,72,1.0,1.0,1.0,537.0313888888888,537.0313888888888,1.0,0.0,0.0,1.0,1804,778,2022-01-19 23:57:58+00:00,97.0,0.0,112.25,True,126.97058823529412,68
kubernetes/kubernetes,57972287,6.004918981481482,False,73,66.0,78.0,0.6282051282051282,318.9832086167801,142.1786111111111,47.0,9.0,0.1914893617021276,0.106060606060606,1795,771,2022-01-26 00:05:03+00:00,95.0,0.0,112.25,True,126.97058823529412,68
kubernetes/kubernetes,59818995,22.66859953703704,False,76,238.0,292.0,0.6472602739726028,586.3854835390946,122.31083333333333,105.0,21.0,0.2,0.0630252100840336,1758,740,2022-02-17 16:07:50+00:00,94.0,0.0,112.25,True,126.97058823529412,68
kubernetes/kubernetes,59820624,0.0066898148148148,False,77,0.0,0.0,,,,0.0,0.0,,,1758,740,2022-02-17 16:17:28+00:00,93.0,0.0,112.25,True,126.97058823529412,68
kubernetes/kubernetes,59821299,0.0048958333333333,False,78,0.0,0.0,,,,0.0,0.0,,,1758,740,2022-02-17 16:24:31+00:00,93.0,0.0,112.25,True,126.97058823529412,68
kubernetes/kubernetes,62049233,27.252476851851853,False,79,309.0,402.0,0.6890547263681592,585.2084316085038,162.75027777777777,120.0,26.0,0.2166666666666666,0.0485436893203883,1745,733,2022-03-16 22:28:05+00:00,111.0,0.0,112.25,True,124.43243243243244,74
kubernetes/kubernetes,62049706,0.007199074074074,False,80,0.0,0.0,,,,0.0,0.0,,,1745,733,2022-03-16 22:38:27+00:00,111.0,0.0,112.25,True,124.43243243243244,74
kubernetes/kubernetes,62050650,0.007199074074074,False,81,0.0,0.0,,,,0.0,0.0,,,1745,733,2022-03-16 22:48:49+00:00,111.0,0.0,112.25,True,124.43243243243244,74
kubernetes/kubernetes,64863991,34.71822916666667,False,85,476.0,535.0,0.5906542056074766,721.5058060829817,145.54541666666665,151.0,36.0,0.23841059602649,0.0672268907563025,1762,735,2022-04-20 16:03:04+00:00,97.0,0.0,112.25,True,122.4320987654321,81
kubernetes/kubernetes,64869495,0.0461226851851851,False,86,5.0,2.0,1.0,328.97833333333335,328.97833333333335,1.0,0.0,0.0,1.0,1762,734,2022-04-20 17:09:29+00:00,97.0,0.0,112.25,True,122.4320987654321,81
kubernetes/kubernetes,64881287,0.0885763888888888,False,87,1.0,1.0,1.0,328.22833333333335,328.22833333333335,1.0,0.0,0.0,1.0,1759,731,2022-04-20 19:17:02+00:00,97.0,0.0,112.25,True,122.4320987654321,81
kubernetes/kubernetes,65962790,13.0603125,False,89,90.0,125.0,0.568,929.9699217527385,306.0111111111111,53.0,9.0,0.1698113207547169,0.0888888888888888,1759,732,2022-05-03 20:43:53+00:00,95.0,0.0,112.25,True,121.92771084337349,83
kubernetes/kubernetes,67749918,21.158622685185183,False,90,288.0,288.0,0.7013888888888888,591.483602860286,101.49902777777777,97.0,18.0,0.1855670103092783,0.1631944444444444,1787,750,2022-05-25 00:32:18+00:00,82.0,0.0,112.25,True,120.80459770114942,87
kubernetes/kubernetes,67833798,0.7742476851851852,False,91,8.0,13.0,0.46153846153846156,189.57060185185185,41.699444444444445,6.0,0.0,0.0,0.25,1787,752,2022-05-25 19:07:13+00:00,79.0,0.0,112.25,True,120.80459770114942,87
kubernetes/kubernetes,67872434,0.1123148148148148,False,92,0.0,1.0,0.0,,,0.0,0.0,,,1787,752,2022-05-25 21:48:57+00:00,79.0,0.0,112.25,True,120.80459770114942,87
kubernetes/kubernetes,67885314,0.2376157407407407,False,93,1.0,2.0,0.5,6995.129166666667,6995.129166666667,1.0,0.0,0.0,1.0,1786,751,2022-05-26 03:31:07+00:00,79.0,0.0,112.25,True,120.80459770114942,87
kubernetes/kubernetes,69652729,21.67553240740741,False,95,226.0,290.0,0.6896551724137931,758.3228402777779,165.23111111111112,93.0,23.0,0.2473118279569892,0.1106194690265486,1759,730,2022-06-16 19:43:53+00:00,70.0,0.0,112.25,True,120.15730337078652,89
kubernetes/kubernetes,69661314,0.0258333333333333,False,96,0.0,0.0,,,,0.0,0.0,,,1759,730,2022-06-16 20:21:05+00:00,70.0,0.0,112.25,True,120.15730337078652,89
kubernetes/kubernetes,69680319,0.3043981481481481,False,97,2.0,2.0,0.5,162.3322222222222,162.3322222222222,1.0,0.0,0.0,1.0,1761,732,2022-06-17 03:39:25+00:00,68.0,0.0,112.25,True,120.15730337078652,89
kubernetes/kubernetes,69680447,0.002974537037037,False,98,0.0,0.0,,,,0.0,0.0,,,1761,732,2022-06-17 03:43:42+00:00,68.0,0.0,112.25,True,120.15730337078652,89
kubernetes/kubernetes,71926822,26.58293981481481,False,100,242.0,325.0,0.64,735.652827190171,156.07444444444445,99.0,25.0,0.2525252525252525,0.0537190082644628,1767,722,2022-07-13 17:43:08+00:00,111.0,0.0,112.25,True,118.41935483870968,93
kubernetes/kubernetes,71933950,0.0630787037037037,False,101,1.0,1.0,1.0,996.7091666666666,996.7091666666666,1.0,0.0,0.0,1.0,1767,722,2022-07-13 19:13:58+00:00,111.0,0.0,112.25,True,118.41935483870968,93
kubernetes/kubernetes,71937344,0.0306597222222222,False,102,0.0,0.0,,,,0.0,0.0,,,1768,723,2022-07-13 19:58:07+00:00,110.0,0.0,112.25,True,118.41935483870968,93
kubernetes/kubernetes,74666225,35.05638888888889,False,107,472.0,541.0,0.6451016635859519,626.9440464820121,155.2325,149.0,32.0,0.2147651006711409,0.0338983050847457,1794,731,2022-08-17 21:19:19+00:00,107.0,0.0,112.25,True,115.45098039215686,102
kubernetes/kubernetes,74669757,0.042511574074074,False,108,0.0,0.0,,,,0.0,0.0,,,1794,731,2022-08-17 22:20:32+00:00,107.0,0.0,112.25,True,115.45098039215686,102
kubernetes/kubernetes,74671731,0.0329513888888888,False,109,0.0,0.0,,,,0.0,0.0,,,1794,731,2022-08-17 23:07:59+00:00,107.0,0.0,112.25,True,115.45098039215686,102
kubernetes/kubernetes,75156399,5.930416666666667,False,110,47.0,48.0,0.6875,586.1908164983165,276.17555555555555,26.0,5.0,0.1923076923076923,0.1489361702127659,1758,723,2022-08-23 21:27:47+00:00,112.0,0.0,112.25,True,115.45631067961165,103
kubernetes/kubernetes,77194312,21.970266203703705,False,111,268.0,352.0,0.6505681818181818,612.4471809801067,131.65444444444444,101.0,22.0,0.2178217821782178,0.1492537313432835,1741,728,2022-09-14 20:44:58+00:00,80.0,0.0,112.25,True,115.42857142857143,105
kubernetes/kubernetes,77213823,0.1574652777777777,False,112,3.0,1.0,1.0,311.3697222222222,311.3697222222222,2.0,0.0,0.0,0.6666666666666666,1740,727,2022-09-15 00:31:43+00:00,79.0,0.0,112.25,True,115.42857142857143,105
kubernetes/kubernetes,77303540,0.5907175925925926,False,113,9.0,9.0,0.6666666666666666,67.08319444444444,56.6525,9.0,3.0,0.3333333333333333,0.1111111111111111,1736,725,2022-09-15 14:42:21+00:00,82.0,0.0,112.25,True,115.42857142857143,105
kubernetes/kubernetes,77303985,0.0026504629629629,False,114,0.0,1.0,1.0,8.983888888888888,8.983888888888888,0.0,0.0,,,1736,725,2022-09-15 14:46:10+00:00,82.0,0.0,112.25,True,115.42857142857143,105
kubernetes/kubernetes,77795569,6.0865625,False,116,83.0,127.0,0.7007874015748031,442.33857365792755,76.92611111111111,43.0,6.0,0.1395348837209302,0.0963855421686747,1731,729,2022-09-21 16:50:49+00:00,76.0,0.0,112.25,True,115.14678899082568,109
kubernetes/kubernetes,77802321,0.0549189814814814,False,117,0.0,1.0,1.0,495.6488888888889,495.6488888888889,0.0,0.0,,,1728,728,2022-09-21 18:09:54+00:00,76.0,0.0,112.25,True,115.14678899082568,109
kubernetes/kubernetes,77807233,0.0376273148148148,False,118,3.0,3.0,1.0,1020.911111111111,1017.7238888888888,2.0,1.0,0.5,0.6666666666666666,1731,728,2022-09-21 19:04:05+00:00,76.0,0.0,112.25,True,115.14678899082568,109
kubernetes/kubernetes,77813556,0.0514467592592592,False,119,3.0,2.0,1.0,14.907361111111111,14.907361111111111,3.0,0.0,0.0,0.3333333333333333,1732,729,2022-09-21 20:18:10+00:00,76.0,0.0,112.25,True,115.14678899082568,109
kubernetes/kubernetes,79809601,21.87349537037037,False,121,263.0,275.0,0.6945454545454546,510.74214223385695,75.94055555555556,100.0,24.0,0.24,0.0950570342205323,1713,721,2022-10-13 17:16:00+00:00,77.0,0.0,112.25,True,115.11818181818182,110
kubernetes/kubernetes,79809812,0.0016435185185185,False,122,0.0,0.0,,,,0.0,0.0,,,1713,721,2022-10-13 17:18:22+00:00,77.0,0.0,112.25,True,115.11818181818182,110
kubernetes/kubernetes,79809886,0.000636574074074,False,123,0.0,0.0,,,,0.0,0.0,,,1713,721,2022-10-13 17:19:17+00:00,77.0,0.0,112.25,True,115.11818181818182,110
kubernetes/kubernetes,82710116,27.988333333333333,False,125,591.0,577.0,0.6741767764298093,539.6449214510139,79.36944444444444,144.0,34.0,0.2361111111111111,0.0609137055837563,1702,699,2022-11-10 17:02:29+00:00,81.0,0.0,112.25,True,112.29411764705883,119
kubernetes/kubernetes,82714136,0.0266666666666666,False,126,2.0,1.0,1.0,8168.530833333333,8168.530833333333,1.0,0.0,0.0,1.0,1700,697,2022-11-10 17:40:53+00:00,81.0,0.0,112.25,True,112.29411764705883,119
kubernetes/kubernetes,82714305,0.0011921296296296,False,127,1.0,0.0,,,,1.0,0.0,0.0,1.0,1700,697,2022-11-10 17:42:36+00:00,81.0,0.0,112.25,True,112.29411764705883,119
kubernetes/kubernetes,82714385,0.0006134259259259,False,128,0.0,0.0,,,,0.0,0.0,,,1700,697,2022-11-10 17:43:29+00:00,81.0,0.0,112.25,True,112.29411764705883,119
kubernetes/kubernetes,85466097,27.997858796296292,False,132,243.0,357.0,0.6386554621848739,837.4878240740741,340.0884722222222,100.0,16.0,0.16,0.0411522633744856,1740,716,2022-12-08 17:40:24+00:00,68.0,0.0,112.25,True,110.98387096774194,124
kubernetes/kubernetes,85470423,0.0236226851851851,False,133,0.0,1.0,1.0,821.5013888888889,821.5013888888889,0.0,0.0,,,1739,715,2022-12-08 18:14:25+00:00,68.0,0.0,112.25,True,110.98387096774194,124
kubernetes/kubernetes,85475750,0.0388078703703703,False,134,0.0,1.0,1.0,2201.4183333333335,2201.4183333333335,0.0,0.0,,,1740,715,2022-12-08 19:10:18+00:00,68.0,0.0,112.25,True,110.98387096774194,124
kubernetes/kubernetes,85487731,0.0929976851851851,False,135,1.0,0.0,,,,1.0,0.0,0.0,1.0,1740,715,2022-12-08 21:24:13+00:00,68.0,0.0,112.25,True,110.98387096774194,124
kubernetes/kubernetes,85515657,0.2755324074074074,False,136,2.0,3.0,0.6666666666666666,750.0972222222222,750.0972222222222,2.0,1.0,0.5,0.5,1739,715,2022-12-09 04:00:59+00:00,68.0,0.0,112.25,True,110.98387096774194,124
kubernetes/kubernetes,89461411,40.71791666666667,False,137,547.0,607.0,0.7067545304777595,598.0738209013209,114.26527777777778,147.0,44.0,0.2993197278911564,0.0968921389396709,1682,688,2023-01-18 21:14:47+00:00,82.0,0.0,112.25,True,107.77941176470588,136
kubernetes/kubernetes,89465459,0.0246180555555555,False,138,0.0,0.0,,,,0.0,0.0,,,1681,687,2023-01-18 21:50:14+00:00,82.0,0.0,112.25,True,107.77941176470588,136
kubernetes/kubernetes,89478326,0.131724537037037,False,139,1.0,5.0,0.8,134.76125000000002,11.288055555555557,1.0,0.0,0.0,1.0,1682,686,2023-01-19 00:59:55+00:00,82.0,0.0,112.25,True,107.77941176470588,136
kubernetes/kubernetes,89577865,0.6783912037037036,False,140,14.0,12.0,0.8333333333333334,271.8174722222222,40.880833333333335,8.0,1.0,0.125,0.3571428571428571,1682,686,2023-01-19 17:16:48+00:00,77.0,0.0,112.25,True,107.77941176470588,136
kubernetes/kubernetes,93991288,40.13732638888889,False,143,598.0,646.0,0.6919504643962848,481.7695855083271,156.37222222222223,160.0,40.0,0.25,0.1137123745819397,1715,685,2023-02-28 20:34:33+00:00,120.0,1.0,112.25,True,106.7872340425532,141
kubernetes/kubernetes,94000681,0.0320717592592592,False,144,0.0,0.0,,,,0.0,0.0,,,1715,686,2023-02-28 21:20:44+00:00,120.0,1.0,112.25,True,106.7872340425532,141
kubernetes/kubernetes,94006526,0.0313425925925925,False,145,4.0,3.0,1.0,74.16722222222222,46.24472222222222,3.0,0.0,0.0,0.5,1714,686,2023-02-28 22:05:52+00:00,120.0,1.0,112.25,True,106.7872340425532,141
kubernetes/kubernetes,94012442,0.0444791666666666,False,146,0.0,2.0,0.5,331.5083333333333,331.5083333333333,0.0,0.0,,,1712,684,2023-02-28 23:09:55+00:00,120.0,1.0,112.25,True,106.7872340425532,141
kubernetes/kubernetes,96018281,16.759270833333332,False,149,470.0,393.0,0.6844783715012722,545.0714322593969,51.16638888888889,126.0,16.0,0.1269841269841269,0.0595744680851063,1731,690,2023-03-17 17:23:16+00:00,92.0,0.0,112.25,True,106.7605633802817,142
kubernetes/kubernetes,96021741,0.0260300925925925,False,150,2.0,0.0,,,,2.0,0.0,0.0,0.5,1730,689,2023-03-17 18:00:45+00:00,92.0,0.0,112.25,True,106.7605633802817,142
kubernetes/kubernetes,96029525,0.0553125,False,151,0.0,2.0,1.0,607.9275,607.9275,0.0,0.0,,,1730,689,2023-03-17 19:20:24+00:00,92.0,0.0,112.25,True,106.7605633802817,142
kubernetes/kubernetes,98968195,25.00511574074074,False,154,226.0,327.0,0.5657492354740061,1179.5963903903905,346.24055555555555,89.0,11.0,0.1235955056179775,0.0663716814159292,1776,706,2023-04-11 19:27:46+00:00,88.0,0.0,112.25,True,107.16326530612245,147
kubernetes/kubernetes,99183057,0.9362037037037036,False,155,26.0,33.0,0.6363636363636364,746.3447354497355,512.69,22.0,3.0,0.1363636363636363,0.1153846153846153,1756,696,2023-04-12 17:55:54+00:00,92.0,0.0,112.25,True,107.16326530612245,147
kubernetes/kubernetes,99187893,0.0292361111111111,False,156,1.0,2.0,1.0,288.56402777777777,288.56402777777777,1.0,0.0,0.0,1.0,1756,696,2023-04-12 18:38:00+00:00,92.0,0.0,112.25,True,107.16326530612245,147
kubernetes/kubernetes,99192787,0.0294791666666666,False,157,0.0,0.0,,,,0.0,0.0,,,1756,696,2023-04-12 19:20:27+00:00,93.0,0.0,112.25,True,107.16326530612245,147
kubernetes/kubernetes,99571135,1.8755902777777775,False,158,41.0,88.0,0.7159090909090909,517.047971781305,353.7366666666667,21.0,3.0,0.1428571428571428,0.1463414634146341,1765,698,2023-04-14 16:21:18+00:00,83.0,0.0,112.25,True,107.16326530612245,147
kubernetes/kubernetes,103386457,33.23195601851852,False,159,412.0,549.0,0.663023679417122,557.5832692307692,128.97402777777776,138.0,31.0,0.2246376811594203,0.0679611650485436,1769,709,2023-05-17 21:55:19+00:00,98.0,0.0,112.25,True,105.93037974683544,158
kubernetes/kubernetes,103386495,0.0002314814814814,False,160,0.0,0.0,,,,0.0,0.0,,,1769,709,2023-05-17 21:55:39+00:00,98.0,0.0,112.25,True,105.93037974683544,158
kubernetes/kubernetes,103393064,0.0816782407407407,False,161,4.0,1.0,1.0,21.704722222222223,21.704722222222223,2.0,0.0,0.0,0.75,1769,709,2023-05-17 23:53:16+00:00,98.0,0.0,112.25,True,105.93037974683544,158
kubernetes/kubernetes,103395497,0.0377893518518518,False,162,3.0,0.0,,,,1.0,0.0,0.0,1.0,1769,709,2023-05-18 00:47:41+00:00,98.0,0.0,112.25,True,105.93037974683544,158
kubernetes/kubernetes,108620995,27.725497685185186,False,165,293.0,405.0,0.6395061728395062,724.6418318318318,125.77722222222222,103.0,18.0,0.174757281553398,0.0614334470989761,1792,721,2023-06-14 18:12:24+00:00,102.0,0.0,112.25,True,105.93037974683544,158
kubernetes/kubernetes,108627351,0.0374305555555555,False,166,1.0,2.0,0.5,9.258055555555556,9.258055555555556,1.0,0.0,0.0,1.0,1792,721,2023-06-14 19:06:18+00:00,103.0,0.0,112.25,True,105.93037974683544,158
kubernetes/kubernetes,108637771,0.0588773148148148,False,167,1.0,1.0,1.0,7.9319444444444445,7.9319444444444445,1.0,0.0,0.0,1.0,1792,721,2023-06-14 20:31:05+00:00,103.0,0.0,112.25,True,105.93037974683544,158
kubernetes/kubernetes,108644552,0.0455324074074074,False,168,0.0,0.0,,,,0.0,0.0,,,1794,722,2023-06-14 21:36:39+00:00,102.0,0.0,112.25,True,105.93037974683544,158
kubernetes/kubernetes,112862724,34.8928125,False,171,529.0,531.0,0.6666666666666666,633.3392827997488,105.10138888888889,145.0,23.0,0.1586206896551724,0.0756143667296786,1808,746,2023-07-19 19:02:18+00:00,95.0,0.0,112.25,True,105.55952380952381,168
kubernetes/kubernetes,112870721,0.0363425925925925,False,172,0.0,0.0,,,,0.0,0.0,,,1808,746,2023-07-19 19:54:38+00:00,95.0,0.0,112.25,True,105.55952380952381,168
kubernetes/kubernetes,112875833,0.0311226851851851,False,173,0.0,0.0,,,,0.0,0.0,,,1808,746,2023-07-19 20:39:27+00:00,95.0,0.0,112.25,True,105.55952380952381,168
kubernetes/kubernetes,112879656,0.028287037037037,False,174,1.0,0.0,,,,1.0,0.0,0.0,1.0,1809,747,2023-07-19 21:20:11+00:00,94.0,0.0,112.25,True,105.55952380952381,168
kubernetes/kubernetes,117338250,26.81935185185185,False,178,200.0,307.0,0.6319218241042345,768.0387184994273,369.16430555555553,92.0,21.0,0.2282608695652173,0.055,1893,792,2023-08-15 17:00:03+00:00,88.0,0.0,112.25,True,105.57058823529412,170
kubernetes/kubernetes,118493643,8.461701388888889,False,179,91.0,143.0,0.7062937062937062,357.1521287128713,166.77083333333334,45.0,9.0,0.2,0.0769230769230769,1879,785,2023-08-24 04:04:54+00:00,87.0,0.0,112.25,True,105.24571428571429,175
kubernetes/kubernetes,118493759,0.0016087962962962,False,180,0.0,0.0,,,,0.0,0.0,,,1879,785,2023-08-24 04:07:13+00:00,87.0,0.0,112.25,True,105.24571428571429,175
kubernetes/kubernetes,118498412,0.0615046296296296,False,181,1.0,2.0,0.5,1150.4841666666666,1150.4841666666666,1.0,0.0,0.0,1.0,1880,785,2023-08-24 05:35:47+00:00,87.0,0.0,112.25,True,105.24571428571429,175
kubernetes/kubernetes,118524649,0.1613425925925926,False,182,0.0,0.0,,,,0.0,0.0,,,1881,786,2023-08-24 09:28:07+00:00,86.0,0.0,112.25,True,105.24571428571429,175
kubernetes/kubernetes,118562913,0.1876851851851851,False,183,6.0,5.0,1.0,294.70483333333334,27.10527777777778,6.0,0.0,0.0,0.1666666666666666,1881,785,2023-08-24 13:58:23+00:00,86.0,0.0,112.25,True,105.24571428571429,175
kubernetes/kubernetes,121009496,20.172303240740742,False,184,277.0,343.0,0.6938775510204082,645.2331407563024,106.88916666666667,109.0,25.0,0.2293577981651376,0.0722021660649819,1903,801,2023-09-13 18:06:30+00:00,79.0,0.0,112.25,True,105.05649717514125,177
kubernetes/kubernetes,121011208,0.0098032407407407,False,185,0.0,0.0,,,,0.0,0.0,,,1903,801,2023-09-13 18:20:37+00:00,79.0,0.0,112.25,True,105.05649717514125,177
kubernetes/kubernetes,121027792,0.0810185185185185,False,186,1.0,5.0,0.8,1604.2009027777776,959.8923611111111,1.0,0.0,0.0,1.0,1903,800,2023-09-13 20:17:17+00:00,79.0,0.0,112.25,True,105.05649717514125,177
kubernetes/kubernetes,121033600,0.0318287037037037,False,187,0.0,0.0,,,,0.0,0.0,,,1904,800,2023-09-13 21:03:07+00:00,79.0,0.0,112.25,True,105.05649717514125,177
kubernetes/kubernetes,125627999,34.73142361111111,False,190,388.0,466.0,0.6974248927038627,464.4022384615384,94.76805555555555,123.0,20.0,0.1626016260162601,0.0592783505154639,1971,828,2023-10-18 14:36:22+00:00,83.0,0.0,112.25,True,103.9144385026738,187
kubernetes/kubernetes,125636180,0.0275231481481481,False,191,0.0,1.0,1.0,120.42,120.42,0.0,0.0,,,1971,828,2023-10-18 15:16:00+00:00,83.0,0.0,112.25,True,103.9144385026738,187
kubernetes/kubernetes,125643604,0.0216087962962962,False,192,1.0,0.0,,,,1.0,0.0,0.0,1.0,1971,828,2023-10-18 15:47:07+00:00,83.0,0.0,112.25,True,103.9144385026738,187
kubernetes/kubernetes,125649052,0.0229050925925925,False,193,0.0,0.0,,,,0.0,0.0,,,1971,828,2023-10-18 16:20:06+00:00,83.0,0.0,112.25,True,103.9144385026738,187
kubernetes/kubernetes,129613920,28.1409375,False,195,374.0,401.0,0.6733167082294265,771.046096707819,120.32416666666666,102.0,13.0,0.1274509803921568,0.0614973262032085,2000,841,2023-11-15 19:43:03+00:00,76.0,0.0,112.25,True,103.73544973544973,189
kubernetes/kubernetes,129616500,0.0159027777777777,False,196,2.0,0.0,,,,1.0,0.0,0.0,1.0,2000,841,2023-11-15 20:05:57+00:00,76.0,0.0,112.25,True,103.73544973544973,189
kubernetes/kubernetes,129622209,0.0264004629629629,False,197,3.0,1.0,1.0,674.5833333333334,674.5833333333334,2.0,0.0,0.0,0.6666666666666666,2000,841,2023-11-15 20:43:58+00:00,76.0,0.0,112.25,True,103.73544973544973,189
kubernetes/kubernetes,129714744,0.6157407407407407,False,198,4.0,6.0,1.0,638.8346759259259,672.7911111111111,4.0,0.0,0.0,0.25,2002,843,2023-11-16 11:30:38+00:00,74.0,0.0,112.25,True,103.73544973544973,189
kubernetes/kubernetes,133777858,27.21090277777778,False,202,204.0,233.0,0.648068669527897,1231.8647332597498,478.8561111111111,70.0,15.0,0.2142857142857142,0.1470588235294117,2057,873,2023-12-13 16:34:20+00:00,64.0,0.0,112.25,True,103.11855670103093,194
kubernetes/kubernetes,134607215,6.77792824074074,False,203,57.0,79.0,0.7468354430379747,588.3202683615818,168.7513888888889,30.0,2.0,0.0666666666666666,0.1228070175438596,2062,874,2023-12-20 11:14:33+00:00,55.0,0.0,112.25,True,102.56060606060606,198
kubernetes/kubernetes,134624427,0.0896296296296296,False,204,0.0,0.0,,,,0.0,0.0,,,2062,875,2023-12-20 13:23:37+00:00,54.0,0.0,112.25,True,102.56060606060606,198
kubernetes/kubernetes,134624945,0.002349537037037,False,205,0.0,0.0,,,,0.0,0.0,,,2063,875,2023-12-20 13:27:00+00:00,54.0,0.0,112.25,True,102.56060606060606,198
kubernetes/kubernetes,137446153,28.25728009259259,False,206,287.0,297.0,0.5959595959595959,875.9117043314501,199.18333333333334,75.0,13.0,0.1733333333333333,0.3344947735191638,2081,883,2024-01-17 19:37:29+00:00,52.0,0.0,112.25,True,101.86138613861387,202
kubernetes/kubernetes,137446434,0.0017708333333333,False,207,0.0,0.0,,,,0.0,0.0,,,2081,883,2024-01-17 19:40:02+00:00,52.0,0.0,112.25,True,101.86138613861387,202
kubernetes/kubernetes,137446444,8.101851851851852e-05,False,208,0.0,0.0,,,,0.0,0.0,,,2081,883,2024-01-17 19:40:09+00:00,52.0,0.0,112.25,True,101.86138613861387,202
kubernetes/kubernetes,137446709,0.0014814814814814,False,209,0.0,0.0,,,,0.0,0.0,,,2081,883,2024-01-17 19:42:17+00:00,52.0,0.0,112.25,True,101.86138613861387,202
kubernetes/kubernetes,142006393,27.83846064814815,False,212,284.0,325.0,0.6369230769230769,588.2869860440151,137.06472222222223,97.0,18.0,0.1855670103092783,0.0669014084507042,2026,862,2024-02-14 15:49:40+00:00,71.0,0.0,112.25,True,101.16585365853659,205
kubernetes/kubernetes,142007294,0.0015856481481481,False,213,0.0,0.0,,,,0.0,0.0,,,2026,862,2024-02-14 15:51:57+00:00,71.0,0.0,112.25,True,101.16585365853659,205
kubernetes/kubernetes,142009935,0.0110648148148148,False,214,0.0,0.0,,,,0.0,0.0,,,2026,862,2024-02-14 16:07:53+00:00,71.0,0.0,112.25,True,101.16585365853659,205
kubernetes/kubernetes,142028094,0.0792129629629629,False,215,2.0,1.0,0.0,,,2.0,0.0,0.0,0.5,2025,862,2024-02-14 18:01:57+00:00,71.0,0.0,112.25,True,101.16585365853659,205
kubernetes/kubernetes,146625039,28.93263888888889,False,218,455.0,448.0,0.6941964285714286,500.49756162915327,62.679722222222225,112.0,23.0,0.2053571428571428,0.0681318681318681,2035,862,2024-03-14 16:24:57+00:00,68.0,0.0,112.25,True,100.02857142857142,210
kubernetes/kubernetes,146834793,1.1031944444444444,False,219,11.0,11.0,0.6363636363636364,781.8975396825398,98.1975,8.0,0.0,0.0,0.2727272727272727,2035,862,2024-03-15 18:53:33+00:00,67.0,0.0,112.25,True,99.34883720930233,215
kubernetes/kubernetes,146839948,0.0229629629629629,False,220,0.0,0.0,,,,0.0,0.0,,,2037,864,2024-03-15 19:26:37+00:00,65.0,0.0,112.25,True,99.34883720930233,215
kubernetes/kubernetes,146845361,0.0340509259259259,False,221,1.0,1.0,1.0,73.82444444444444,73.82444444444444,1.0,0.0,0.0,1.0,2037,864,2024-03-15 20:15:39+00:00,65.0,0.0,112.25,True,99.34883720930233,215
kubernetes/kubernetes,151435050,31.97056712962963,False,225,175.0,242.0,0.6157024793388429,1254.2692636092468,497.4638888888889,81.0,23.0,0.2839506172839506,0.0971428571428571,1950,816,2024-04-16 19:33:16+00:00,66.0,0.0,112.25,True,98.52941176470588,221
kubernetes/kubernetes,151445084,0.0497453703703703,False,226,0.0,0.0,,,,0.0,0.0,,,1950,816,2024-04-16 20:44:54+00:00,67.0,0.0,112.25,True,98.52941176470588,221
kubernetes/kubernetes,151451712,0.0390856481481481,False,227,0.0,0.0,,,,0.0,0.0,,,1950,816,2024-04-16 21:41:11+00:00,67.0,0.0,112.25,True,98.52941176470588,221
kubernetes/kubernetes,151633234,0.9611689814814814,False,228,8.0,8.0,0.875,607.1437301587301,168.40166666666667,6.0,2.0,0.3333333333333333,0.25,1952,818,2024-04-17 20:45:16+00:00,67.0,0.0,112.25,True,98.52941176470588,221
kubernetes/kubernetes,155777868,27.04976851851852,False,229,307.0,379.0,0.6939313984168866,553.3541983523447,129.2725,86.0,15.0,0.1744186046511628,0.0879478827361563,1916,808,2024-05-14 21:56:56+00:00,69.0,0.0,112.25,True,98.19196428571429,224
kubernetes/kubernetes,155813961,0.3642824074074074,False,230,1.0,4.0,0.5,173.2163888888889,173.2163888888889,1.0,0.0,0.0,1.0,1916,808,2024-05-15 06:41:30+00:00,68.0,0.0,112.25,True,98.19196428571429,224
kubernetes/kubernetes,155816403,0.0149189814814814,False,231,0.0,0.0,,,,0.0,0.0,,,1917,808,2024-05-15 07:02:59+00:00,68.0,0.0,112.25,True,98.19196428571429,224
kubernetes/kubernetes,155824760,0.0411921296296296,False,232,3.0,0.0,,,,1.0,0.0,0.0,1.0,1917,808,2024-05-15 08:02:18+00:00,69.0,0.0,112.25,True,98.19196428571429,224
kubernetes/kubernetes,159979764,27.624212962962964,False,233,344.0,366.0,0.6912568306010929,759.8204973649538,135.56305555555556,111.0,16.0,0.1441441441441441,0.0784883720930232,1938,818,2024-06-11 23:01:10+00:00,74.0,0.0,112.25,True,97.64035087719299,228
kubernetes/kubernetes,159982712,0.0325810185185185,False,234,0.0,0.0,,,,0.0,0.0,,,1938,818,2024-06-11 23:48:05+00:00,74.0,0.0,112.25,True,97.64035087719299,228
kubernetes/kubernetes,160002003,0.1629282407407407,False,235,2.0,3.0,0.6666666666666666,3313.319722222222,3313.319722222222,2.0,0.0,0.0,0.5,1939,819,2024-06-12 03:42:42+00:00,74.0,0.0,112.25,True,97.64035087719299,228
kubernetes/kubernetes,160003381,0.0158796296296296,False,236,1.0,1.0,1.0,5.657222222222222,5.657222222222222,1.0,0.0,0.0,1.0,1939,819,2024-06-12 04:05:34+00:00,74.0,0.0,112.25,True,97.64035087719299,228
kubernetes/kubernetes,165784293,35.13930555555555,False,241,433.0,481.0,0.6777546777546778,420.9667893660532,83.31583333333333,126.0,27.0,0.2142857142857142,0.0623556581986143,1936,802,2024-07-17 07:26:10+00:00,80.0,0.0,112.25,True,96.64135021097046,237
kubernetes/kubernetes,165788281,0.015474537037037,False,242,0.0,1.0,0.0,,,0.0,0.0,,,1936,802,2024-07-17 07:48:27+00:00,80.0,0.0,112.25,True,96.64135021097046,237
kubernetes/kubernetes,165818269,0.127511574074074,False,243,4.0,9.0,0.7777777777777778,326.72273809523807,287.99944444444446,3.0,0.0,0.0,0.5,1938,802,2024-07-17 10:52:04+00:00,81.0,0.0,112.25,True,96.64135021097046,237
kubernetes/kubernetes,165829199,0.0410069444444444,False,244,1.0,0.0,,,,1.0,0.0,0.0,1.0,1938,802,2024-07-17 11:51:07+00:00,81.0,0.0,112.25,True,96.64135021097046,237
kubernetes/kubernetes,169974073,27.080717592592592,False,247,296.0,324.0,0.6203703703703703,559.8841639027087,191.05194444444444,104.0,20.0,0.1923076923076923,0.0574324324324324,1931,802,2024-08-13 13:47:21+00:00,80.0,0.0,112.25,True,96.4602510460251,239
kubernetes/kubernetes,170265603,1.349699074074074,False,248,20.0,30.0,0.6666666666666666,268.1768055555555,48.90152777777777,12.0,2.0,0.1666666666666666,0.15,1925,800,2024-08-14 22:10:55+00:00,83.0,0.0,112.25,True,96.4602510460251,239
kubernetes/kubernetes,170275415,0.1281712962962962,False,249,1.0,1.0,0.0,,,1.0,0.0,0.0,1.0,1926,801,2024-08-15 01:15:29+00:00,82.0,0.0,112.25,True,96.4602510460251,239
kubernetes/kubernetes,170278324,0.033761574074074,False,250,0.0,0.0,,,,0.0,0.0,,,1926,801,2024-08-15 02:04:06+00:00,82.0,0.0,112.25,True,96.4602510460251,239
kubernetes/kubernetes,174563931,27.49484953703704,False,251,367.0,419.0,0.6634844868735084,546.4282773780976,102.1886111111111,116.0,29.0,0.25,0.0708446866485013,1941,810,2024-09-11 13:56:41+00:00,90.0,0.0,112.25,True,95.96341463414635,246
kubernetes/kubernetes,174658124,0.4341435185185185,False,252,6.0,9.0,0.4444444444444444,528.5811111111111,353.4533333333333,5.0,1.0,0.2,0.3333333333333333,1938,808,2024-09-12 00:21:51+00:00,93.0,0.0,112.25,True,95.96341463414635,246
kubernetes/kubernetes,174660375,0.0286226851851851,False,253,1.0,0.0,,,,1.0,0.0,0.0,1.0,1938,808,2024-09-12 01:03:04+00:00,93.0,0.0,112.25,True,95.96341463414635,246
kubernetes/kubernetes,174668094,0.0779166666666666,False,254,0.0,1.0,1.0,216.71833333333333,216.71833333333333,0.0,0.0,,,1939,808,2024-09-12 02:55:16+00:00,93.0,0.0,112.25,True,95.96341463414635,246
kubernetes/kubernetes,181359779,41.06927083333333,False,257,589.0,673.0,0.6597325408618128,405.90692505005,76.31833333333333,140.0,26.0,0.1857142857142857,0.0696095076400679,1938,798,2024-10-23 04:35:01+00:00,69.0,0.0,112.25,True,95.68110236220473,254
kubernetes/kubernetes,181359964,0.0017592592592592,False,258,0.0,0.0,,,,0.0,0.0,,,1938,798,2024-10-23 04:37:33+00:00,69.0,0.0,112.25,True,95.68110236220473,254
kubernetes/kubernetes,181360153,0.001886574074074,False,259,0.0,0.0,,,,0.0,0.0,,,1938,798,2024-10-23 04:40:16+00:00,69.0,0.0,112.25,True,95.68110236220473,254
kubernetes/kubernetes,181442196,0.3182754629629629,False,260,8.0,5.0,0.4,477.16097222222226,477.16097222222226,6.0,1.0,0.1666666666666666,0.25,1938,798,2024-10-23 12:18:35+00:00,71.0,0.0,112.25,True,95.68110236220473,254
kubernetes/kubernetes,186527464,28.470636574074074,False,263,563.0,396.0,0.6590909090909091,644.2762281822052,65.35888888888888,110.0,12.0,0.109090909090909,0.0870337477797513,1929,787,2024-11-20 23:36:18+00:00,62.0,0.0,112.25,True,95.453125,256
kubernetes/kubernetes,186532670,0.0490162037037037,False,264,1.0,0.0,,,,1.0,0.0,0.0,1.0,1925,787,2024-11-21 00:46:53+00:00,62.0,0.0,112.25,True,95.453125,256
kubernetes/kubernetes,186534409,0.0180439814814814,False,265,0.0,0.0,,,,0.0,0.0,,,1925,787,2024-11-21 01:12:52+00:00,62.0,0.0,112.25,True,95.453125,256
kubernetes/kubernetes,190042097,19.76502314814815,False,269,126.0,160.0,0.575,992.7875241545893,382.5459722222222,56.0,7.0,0.125,0.1746031746031746,1947,804,2024-12-10 19:34:30+00:00,53.0,0.0,112.25,True,94.81679389312977,262
kubernetes/kubernetes,190042332,0.0009722222222222,False,270,0.0,0.0,,,,0.0,0.0,,,1947,804,2024-12-10 19:35:54+00:00,53.0,0.0,112.25,True,94.81679389312977,262
kubernetes/kubernetes,190045272,0.0118634259259259,False,271,0.0,0.0,,,,0.0,0.0,,,1947,804,2024-12-10 19:52:59+00:00,53.0,0.0,112.25,True,94.81679389312977,262
kubernetes/kubernetes,190303378,1.0556944444444445,False,272,10.0,11.0,0.45454545454545453,1416.2865555555557,135.34583333333333,8.0,0.0,0.0,0.2,1936,796,2024-12-11 21:13:11+00:00,53.0,0.0,112.25,True,94.81679389312977,262
kubernetes/kubernetes,194998161,34.97518518518518,False,273,243.0,329.0,0.6443768996960486,768.9495492662475,177.8323611111111,86.0,10.0,0.1162790697674418,0.0781893004115226,1934,793,2025-01-15 20:37:27+00:00,42.0,0.0,112.25,True,93.40441176470588,272
kubernetes/kubernetes,195004244,0.0238425925925925,False,274,2.0,1.0,1.0,691.6711111111111,691.6711111111111,1.0,0.0,0.0,1.0,1934,793,2025-01-15 21:11:47+00:00,42.0,0.0,112.25,True,93.40441176470588,272
kubernetes/kubernetes,195009621,0.0258680555555555,False,275,0.0,0.0,,,,0.0,0.0,,,1934,793,2025-01-15 21:49:02+00:00,42.0,0.0,112.25,True,93.40441176470588,272
kubernetes/kubernetes,195009966,0.0017476851851851,False,276,0.0,0.0,,,,0.0,0.0,,,1934,793,2025-01-15 21:51:33+00:00,42.0,0.0,112.25,True,93.40441176470588,272
kubernetes/kubernetes,200050412,28.4409375,False,278,314.0,331.0,0.676737160120846,521.2721974206349,126.745,93.0,19.0,0.2043010752688172,0.0732484076433121,1946,786,2025-02-13 08:26:30+00:00,57.0,0.0,112.25,True,93.40441176470588,272
kubernetes/kubernetes,200050943,0.0019791666666666,False,279,0.0,0.0,,,,0.0,0.0,,,1946,786,2025-02-13 08:29:21+00:00,57.0,0.0,112.25,True,93.40441176470588,272
kubernetes/kubernetes,200050980,0.0001388888888888,False,280,0.0,0.0,,,,0.0,0.0,,,1946,786,2025-02-13 08:29:33+00:00,57.0,0.0,112.25,True,93.40441176470588,272
kubernetes/kubernetes,200066707,0.0482638888888888,False,281,1.0,0.0,,,,1.0,0.0,0.0,1.0,1946,786,2025-02-13 09:39:03+00:00,57.0,0.0,112.25,True,93.40441176470588,272
kubernetes/kubernetes,205164533,26.622916666666665,False,285,463.0,434.0,0.7073732718894009,589.0275551936302,123.87305555555555,121.0,22.0,0.1818181818181818,0.0453563714902807,1946,774,2025-03-12 00:36:03+00:00,66.0,0.0,112.25,True,92.50541516245487,277
kubernetes/kubernetes,205171531,0.0434375,False,286,0.0,1.0,1.0,3.983888888888889,3.983888888888889,0.0,0.0,,,1947,774,2025-03-12 01:38:36+00:00,66.0,0.0,112.25,True,92.50541516245487,277
kubernetes/kubernetes,205178168,0.0540509259259259,False,287,1.0,1.0,1.0,131.38083333333333,131.38083333333333,1.0,0.0,0.0,1.0,1947,774,2025-03-12 02:56:26+00:00,67.0,0.0,112.25,True,92.50541516245487,277
kubernetes/kubernetes,205181589,0.0252893518518518,False,288,0.0,0.0,,,,0.0,0.0,,,1947,774,2025-03-12 03:32:51+00:00,67.0,0.0,112.25,True,92.50541516245487,277
kubernetes/kubernetes,214087468,41.950208333333336,False,291,424.0,420.0,0.5928571428571429,693.2408846497099,177.59416666666667,123.0,26.0,0.2113821138211382,0.0683962264150943,1989,788,2025-04-23 02:21:09+00:00,50.0,0.0,112.25,True,91.34027777777777,288
kubernetes/kubernetes,214087582,0.0010648148148148,False,292,0.0,0.0,,,,0.0,0.0,,,1989,788,2025-04-23 02:22:41+00:00,50.0,0.0,112.25,True,91.34027777777777,288
kubernetes/kubernetes,214087590,6.944444444444444e-05,False,293,0.0,0.0,,,,0.0,0.0,,,1989,788,2025-04-23 02:22:47+00:00,50.0,0.0,112.25,True,91.34027777777777,288
kubernetes/kubernetes,214300334,0.6403009259259259,False,294,3.0,5.0,0.4,11.902222222222221,11.902222222222221,3.0,0.0,0.0,0.3333333333333333,1989,789,2025-04-23 17:44:49+00:00,52.0,0.0,112.25,True,91.34027777777777,288
kubernetes/kubernetes,218918759,22.002916666666668,False,295,277.0,268.0,0.7574626865671642,539.7293459222769,93.34166666666667,86.0,16.0,0.1860465116279069,0.075812274368231,1965,767,2025-05-15 17:49:01+00:00,51.0,0.0,112.25,True,91.21799307958477,289
kubernetes/kubernetes,218919244,0.001875,False,296,0.0,0.0,,,,0.0,0.0,,,1965,767,2025-05-15 17:51:43+00:00,51.0,0.0,112.25,True,91.21799307958477,289
kubernetes/kubernetes,218919439,0.0006597222222222,False,297,0.0,0.0,,,,0.0,0.0,,,1965,767,2025-05-15 17:52:40+00:00,51.0,0.0,112.25,True,91.21799307958477,289
kubernetes/kubernetes,218920135,0.0027083333333333,False,298,0.0,0.0,,,,0.0,0.0,,,1965,767,2025-05-15 17:56:34+00:00,51.0,0.0,112.25,True,91.21799307958477,289
kubernetes/kubernetes,226247533,33.998842592592595,False,300,389.0,405.0,0.7012345679012346,458.36442390453834,102.39708333333334,110.0,28.0,0.2545454545454545,0.1028277634961439,1965,760,2025-06-18 17:54:54+00:00,52.0,0.0,112.25,True,90.0,298
kubernetes/kubernetes,226251309,0.0118287037037037,False,301,1.0,0.0,,,,1.0,0.0,0.0,1.0,1965,760,2025-06-18 18:11:56+00:00,52.0,0.0,112.25,True,90.0,298
kubernetes/kubernetes,226256128,0.0168981481481481,False,302,0.0,0.0,,,,0.0,0.0,,,1965,760,2025-06-18 18:36:16+00:00,52.0,0.0,112.25,True,90.0,298
kubernetes/kubernetes,226260786,0.0159375,False,303,0.0,0.0,,,,0.0,0.0,,,1965,760,2025-06-18 18:59:13+00:00,52.0,0.0,112.25,True,90.0,298
kubernetes/kubernetes,232684167,27.13835648148148,False,306,464.0,429.0,0.682983682983683,449.58734452028824,114.55972222222222,121.0,26.0,0.2148760330578512,0.0905172413793103,1969,735,2025-07-15 22:18:27+00:00,55.0,0.0,112.25,True,90.0,298
kubernetes/kubernetes,232684297,0.0007407407407407,False,307,0.0,0.0,,,,0.0,0.0,,,1969,735,2025-07-15 22:19:31+00:00,55.0,0.0,112.25,True,90.0,298
kubernetes/kubernetes,232691011,0.0360648148148148,False,308,3.0,2.0,0.5,34.013333333333335,34.013333333333335,2.0,0.0,0.0,0.6666666666666666,1969,735,2025-07-15 23:11:27+00:00,55.0,0.0,112.25,True,90.0,298
kubernetes/kubernetes,239793305,28.85679398148148,False,312,378.0,362.0,0.649171270718232,522.1469716312057,85.0736111111111,111.0,21.0,0.1891891891891892,0.0793650793650793,1943,726,2025-08-13 19:45:14+00:00,69.0,0.0,112.25,True,89.12786885245902,305
kubernetes/kubernetes,239793520,0.0008333333333333,False,313,0.0,0.0,,,,0.0,0.0,,,1943,726,2025-08-13 19:46:26+00:00,69.0,0.0,112.25,True,89.12786885245902,305
kubernetes/kubernetes,239794276,0.0024768518518518,False,314,0.0,0.0,,,,0.0,0.0,,,1943,726,2025-08-13 19:50:00+00:00,69.0,0.0,112.25,True,89.12786885245902,305
kubernetes/kubernetes,242938306,13.895335648148148,False,316,125.0,122.0,0.6311475409836066,539.8226623376623,243.5702777777778,53.0,12.0,0.2264150943396226,0.24,1939,729,2025-08-27 17:19:17+00:00,66.0,0.0,112.25,True,88.68284789644012,309
kubernetes/kubernetes,246021679,13.291736111111112,False,317,157.0,182.0,0.6208791208791209,528.633994591937,118.90583333333333,65.0,17.0,0.2615384615384615,0.1528662420382165,1905,723,2025-09-10 00:19:23+00:00,59.0,0.0,112.25,True,88.51768488745981,311
kubernetes/kubernetes,246030338,0.0551736111111111,False,318,0.0,0.0,,,,0.0,0.0,,,1905,723,2025-09-10 01:38:50+00:00,59.0,0.0,112.25,True,88.51768488745981,311
kubernetes/kubernetes,246044335,0.0759143518518518,False,319,1.0,0.0,,,,1.0,0.0,0.0,1.0,1904,723,2025-09-10 03:28:09+00:00,59.0,0.0,112.25,True,88.51768488745981,311
kubernetes/kubernetes,246050093,0.0247685185185185,False,320,1.0,0.0,,,,1.0,0.0,0.0,1.0,1904,723,2025-09-10 04:03:49+00:00,59.0,0.0,112.25,True,88.51768488745981,311
kubernetes/kubernetes,261684284,63.22383101851852,False,324,1044.0,958.0,0.673277661795407,458.6686347975883,96.06861111111111,184.0,47.0,0.2554347826086957,0.0775862068965517,1886,722,2025-11-12 09:26:08+00:00,50.0,0.0,112.25,True,87.75700934579439,321
kubernetes/kubernetes,261690420,0.0157407407407407,False,325,0.0,0.0,,,,0.0,0.0,,,1886,722,2025-11-12 09:48:48+00:00,50.0,0.0,112.25,True,87.75700934579439,321
kubernetes/kubernetes,261719477,0.0726388888888888,False,326,1.0,1.0,1.0,621.5833333333334,621.5833333333334,1.0,0.0,0.0,1.0,1887,722,2025-11-12 11:33:24+00:00,50.0,0.0,112.25,True,87.75700934579439,321
kubernetes/kubernetes,261726406,0.0191898148148148,False,327,0.0,0.0,,,,0.0,0.0,,,1887,722,2025-11-12 12:01:02+00:00,50.0,0.0,112.25,True,87.75700934579439,321
kubernetes/kubernetes,268945625,27.55059027777778,False,331,203.0,290.0,0.5310344827586206,722.2401208513706,524.4284722222222,76.0,19.0,0.25,0.1083743842364532,1900,735,2025-12-10 01:13:53+00:00,45.0,0.0,112.25,True,87.54798761609906,323
kubernetes/kubernetes,268945810,0.0010879629629629,False,332,0.0,0.0,,,,0.0,0.0,,,1900,735,2025-12-10 01:15:27+00:00,45.0,0.0,112.25,True,87.54798761609906,323
kubernetes/kubernetes,270894952,6.842627314814815,False,333,62.0,66.0,0.6060606060606061,886.371298611111,656.4688888888888,31.0,6.0,0.1935483870967742,0.2903225806451613,1893,734,2025-12-16 21:28:50+00:00,48.0,0.0,112.25,True,87.08868501529052,327
kubernetes/kubernetes,271217654,0.9396412037037036,False,334,11.0,14.0,0.35714285714285715,831.9674444444445,1069.0405555555556,7.0,1.0,0.1428571428571428,0.4545454545454545,1895,734,2025-12-17 20:01:55+00:00,46.0,0.0,112.25,True,87.08868501529052,327
kubernetes/kubernetes,284969517,54.959525462962965,False,336,661.0,824.0,0.6031553398058253,438.7071540353231,146.0911111111111,172.0,57.0,0.3313953488372093,0.0816944024205748,1875,693,2026-02-10 19:03:38+00:00,46.0,0.0,112.25,True,86.25748502994011,334
kubernetes/kubernetes,284969888,0.0009027777777777,False,337,0.0,0.0,,,,0.0,0.0,,,1875,693,2026-02-10 19:04:56+00:00,46.0,0.0,112.25,True,86.25748502994011,334
kubernetes/kubernetes,284970046,0.0004050925925925,False,338,0.0,0.0,,,,0.0,0.0,,,1875,693,2026-02-10 19:05:31+00:00,46.0,0.0,112.25,True,86.25748502994011,334
kubernetes/kubernetes,284970301,0.0006018518518518,False,339,0.0,0.0,,,,0.0,0.0,,,1875,693,2026-02-10 19:06:23+00:00,46.0,0.0,112.25,True,86.25748502994011,334
kubernetes/kubernetes,291155487,16.2015625,False,341,294.0,287.0,0.6167247386759582,463.9712084118016,193.13944444444445,102.0,19.0,0.1862745098039215,0.064625850340136,1851,678,2026-02-26 23:56:38+00:00,61.0,0.0,112.25,True,86.25748502994011,334
kubernetes/kubernetes,291155910,0.0005902777777777,False,342,0.0,0.0,,,,0.0,0.0,,,1851,678,2026-02-26 23:57:29+00:00,61.0,0.0,112.25,True,86.25748502994011,334
kubernetes/kubernetes,291156076,0.000636574074074,False,343,0.0,0.0,,,,0.0,0.0,,,1851,678,2026-02-26 23:58:24+00:00,61.0,0.0,112.25,True,86.25748502994011,334
kubernetes/kubernetes,291157965,0.0074421296296296,False,344,0.0,0.0,,,,0.0,0.0,,,1851,678,2026-02-27 00:09:07+00:00,61.0,0.0,112.25,True,86.25748502994011,334
kubernetes/kubernetes,298764997,20.13116898148148,False,345,496.0,444.0,0.5698198198198198,345.5122595520421,73.66722222222222,134.0,23.0,0.1716417910447761,0.0423387096774193,1835,667,2026-03-19 03:18:00+00:00,58.0,0.0,112.25,True,85.66961651917404,339
kubernetes/kubernetes,298765256,0.0012268518518518,False,346,1.0,0.0,,,,1.0,0.0,0.0,1.0,1835,667,2026-03-19 03:19:46+00:00,58.0,0.0,112.25,True,85.66961651917404,339
kubernetes/kubernetes,298765484,0.0007638888888888,False,347,0.0,0.0,,,,0.0,0.0,,,1835,667,2026-03-19 03:20:52+00:00,58.0,0.0,112.25,True,85.66961651917404,339
kubernetes/kubernetes,309580337,27.773020833333334,False,351,252.0,378.0,0.4603174603174603,591.0036877394635,431.1165277777778,100.0,24.0,0.24,0.0634920634920634,1834,664,2026-04-15 21:54:01+00:00,53.0,0.0,112.25,True,85.31104651162791,344
kubernetes/kubernetes,309580521,0.0004398148148148,False,352,0.0,0.0,,,,0.0,0.0,,,1834,664,2026-04-15 21:54:39+00:00,53.0,0.0,112.25,True,85.31104651162791,344
kubernetes/kubernetes,309580713,0.0005208333333333,False,353,0.0,0.0,,,,0.0,0.0,,,1834,664,2026-04-15 21:55:24+00:00,53.0,0.0,112.25,True,85.31104651162791,344
kubernetes/kubernetes,312368266,6.834606481481481,False,354,56.0,84.0,0.4880952380952381,529.2898035230352,285.4377777777778,35.0,4.0,0.1142857142857142,0.1428571428571428,1839,672,2026-04-22 17:57:14+00:00,50.0,0.0,112.25,True,84.98275862068965,348
kubernetes/kubernetes,321191052,19.84202546296296,False,355,334.0,358.0,0.5782122905027933,273.2218599033817,88.85055555555556,100.0,21.0,0.21,0.0718562874251497,1796,653,2026-05-12 14:09:45+00:00,53.0,0.0,112.25,True,84.89684813753581,349
kubernetes/kubernetes,321243963,0.0593634259259259,False,356,3.0,3.0,0.3333333333333333,10.122777777777777,10.122777777777777,2.0,0.0,0.0,0.6666666666666666,1796,653,2026-05-12 15:35:14+00:00,53.0,0.0,112.25,True,84.89684813753581,349
kubernetes/kubernetes,321245106,0.0015162037037037,False,357,0.0,0.0,,,,0.0,0.0,,,1796,653,2026-05-12 15:37:25+00:00,53.0,0.0,112.25,True,84.89684813753581,349
kubernetes/kubernetes,321280531,0.0430555555555555,False,358,2.0,1.0,1.0,192.0275,192.0275,2.0,0.0,0.0,0.5,1795,653,2026-05-12 16:39:25+00:00,53.0,0.0,112.25,True,84.89684813753581,349
kubernetes/kubernetes,338534286,30.785243055555554,False,360,435.0,499.0,0.531062124248497,218.8011310272537,111.95111111111112,118.0,20.0,0.1694915254237288,0.1057471264367816,1791,649,2026-06-12 11:30:10+00:00,69.0,0.0,112.25,True,84.09497206703911,358
kubernetes/kubernetes,338534516,0.0003703703703703,False,361,0.0,0.0,,,,0.0,0.0,,,1791,649,2026-06-12 11:30:42+00:00,69.0,0.0,112.25,True,84.09497206703911,358
kubernetes/kubernetes,338535372,0.0013657407407407,False,362,0.0,0.0,,,,0.0,0.0,,,1791,649,2026-06-12 11:32:40+00:00,69.0,0.0,112.25,True,84.09497206703911,358
kubernetes/kubernetes,338536321,0.001574074074074,False,363,0.0,0.0,,,,0.0,0.0,,,1791,649,2026-06-12 11:34:56+00:00,69.0,0.0,112.25,True,84.09497206703911,358
